-- phpMyAdmin SQL Dump
-- version 4.6.4
-- https://www.phpmyadmin.net/
--
-- Хост: 127.0.0.1
-- Время создания: Дек 10 2017 г., 11:10
-- Версия сервера: 5.7.17-log
-- Версия PHP: 7.0.10

SET SQL_MODE = "NO_AUTO_VALUE_ON_ZERO";
SET time_zone = "+00:00";


/*!40101 SET @OLD_CHARACTER_SET_CLIENT=@@CHARACTER_SET_CLIENT */;
/*!40101 SET @OLD_CHARACTER_SET_RESULTS=@@CHARACTER_SET_RESULTS */;
/*!40101 SET @OLD_COLLATION_CONNECTION=@@COLLATION_CONNECTION */;
/*!40101 SET NAMES utf8mb4 */;

--
-- База данных: `analysis_site`
--

-- --------------------------------------------------------

--
-- Структура таблицы `activity_type`
--

CREATE TABLE `activity_type` (
  `id` int(11) NOT NULL,
  `name` varchar(50) COLLATE utf8_unicode_ci NOT NULL,
  `description` text COLLATE utf8_unicode_ci,
  `pair_one` varchar(3) COLLATE utf8_unicode_ci DEFAULT NULL,
  `pair_two` varchar(3) COLLATE utf8_unicode_ci DEFAULT NULL
) ENGINE=InnoDB DEFAULT CHARSET=utf8 COLLATE=utf8_unicode_ci;

--
-- Дамп данных таблицы `activity_type`
--

INSERT INTO `activity_type` (`id`, `name`, `description`, `pair_one`, `pair_two`) VALUES
(1, 'Аграрно-экологическая', NULL, '1.1', '4.4'),
(2, 'Проектирование полезных форм', NULL, '3.2', '2.1'),
(3, 'Психолого-терапевтическая', NULL, '3.5', '3.3'),
(4, 'Духовно-религиозная', NULL, '7.2', '7.4'),
(5, 'СМИ', NULL, '6.4', '2.5'),
(6, 'Естественнонаучная и математическая', NULL, '5.1', '3.4'),
(7, 'Культуры и искусств', NULL, '6.5', '7.5'),
(8, 'Медико-оздоровительная', NULL, '4.3', '1.2'),
(9, 'Общественно-научная', NULL, '4.1', '5.5'),
(10, 'Педагогический', NULL, '3.1', '5.2'),
(11, 'Социальная (досуг, игровая, развивающая) сфера усл', NULL, '1.4', '4.5'),
(12, 'Социально-бытовая сфера услуг', NULL, '2.3', '2.2'),
(13, 'Техническое творчество', NULL, '4.2', '5.3'),
(14, 'Экономическая', NULL, '7.1', '1.5'),
(15, 'Государственно-правовая', NULL, '6.1', '2.4'),
(16, 'Материальное производство', NULL, '6.3', '1.3'),
(17, 'Идеологическая', NULL, '5.4', '6.2'),
(18, 'Философская', NULL, '8.1', '7.3');

-- --------------------------------------------------------

--
-- Структура таблицы `answer`
--

CREATE TABLE `answer` (
  `id` int(11) NOT NULL,
  `question_id` int(11) NOT NULL,
  `name` varchar(50) COLLATE utf8_unicode_ci DEFAULT NULL,
  `url` varchar(250) COLLATE utf8_unicode_ci DEFAULT NULL,
  `text` varchar(50) COLLATE utf8_unicode_ci DEFAULT NULL,
  `cells` text COLLATE utf8_unicode_ci,
  `weight` float NOT NULL DEFAULT '0'
) ENGINE=MyISAM DEFAULT CHARSET=utf8 COLLATE=utf8_unicode_ci;

--
-- Дамп данных таблицы `answer`
--

INSERT INTO `answer` (`id`, `question_id`, `name`, `url`, `text`, `cells`, `weight`) VALUES
(84, 24, 'Самый слабый', '', 'Вкус', '["1.4","2.4","3.4","4.4","5.4","6.4","7.4"]', -0.429),
(85, 24, 'Самый слабый', '', 'Зрение', '["1.5","2.5","3.5","4.5","5.5","6.5","7.5"]', -0.429),
(83, 24, 'Самый слабый', '', 'Осязание', '["1.3","2.3","3.3","4.3","5.3","6.3","7.3"]', -0.429),
(81, 23, 'Самый слабый', '', 'Слух', '["1.1","2.1","3.1","4.1","5.1","6.1","7.1"]', -0.429),
(82, 23, 'Самый слабый', '', 'Обоняние', '["1.2","2.2","3.2","4.2","5.2","6.2","7.2"]', -0.429),
(80, 22, 'Самый сильный', '', 'Зрение', '["1.5","2.5","3.5","4.5","5.5","6.5","7.5"]', 0.429),
(78, 22, 'Самый сильный', '', 'Осязание', '["1.3","2.3","3.3","4.3","5.3","6.3","7.3"]', 0.429),
(79, 22, 'Самый сильный', '', 'Вкус', '["1.4","2.4","3.4","4.4","5.4","6.4","7.4"]', 0.429),
(77, 22, 'Самый сильный', '', 'Обоняние', '["1.2","2.2","3.2","4.2","5.2","6.2","7.2"]', 0.429),
(75, 21, 'Зрение', '', 'Слабое', '["1.5","2.5","3.5","4.5","5.5","6.5","7.5"]', -0.143),
(76, 22, 'Самый сильный', '', 'Слух', '["1.1","2.1","3.1","4.1","5.1","6.1","7.1"]', 0.429),
(73, 21, 'Зрение', '', 'Хорошее', '["1.5","2.5","3.5","4.5","5.5","6.5","7.5"]', 0.143),
(74, 21, 'Зрение', '', 'Среднее', '["1.5","2.5","3.5","4.5","5.5","6.5","7.5"]', 0),
(71, 20, 'Вкус', '', 'Средний', '["1.4","2.4","3.4","4.4","5.4","6.4","7.4"]', 0),
(72, 20, 'Вкус', '', 'Слабый', '["1.4","2.4","3.4","4.4","5.4","6.4","7.4"]', -0.143),
(69, 19, 'Осязание', '', 'Слабое', '["1.3","2.3","3.3","4.3","5.3","6.3","7.3"]', -0.143),
(70, 20, 'Вкус', '', 'Сильный', '["1.4","2.4","3.4","4.4","5.4","6.4","7.4"]', 0.143),
(68, 19, 'Осязание', '', 'Среднее', '["1.3","2.3","3.3","4.3","5.3","6.3","7.3"]', 0),
(66, 18, 'Обоняние', '', 'Слабое', '["1.2","2.2","3.2","4.2","5.2","6.2","7.2"]', -0.143),
(67, 19, 'Осязание', '', 'Хорошее', '["1.3","2.3","3.3","4.3","5.3","6.3","7.3"]', 0.143),
(64, 18, 'Обоняние', '', 'Хорошее', '["1.2","2.2","3.2","4.2","5.2","6.2","7.2"]', 0.143),
(65, 18, 'Обоняние', '', 'Среднее', '["1.2","2.2","3.2","4.2","5.2","6.2","7.2"]', 0),
(62, 17, 'Слух', '', 'Средний', '["1.1","2.1","3.1","4.1","5.1","6.1","7.1"]', 0),
(63, 17, 'Слух', '', 'Слабый', '["1.1","2.1","3.1","4.1","5.1","6.1","7.1"]', -0.143),
(61, 17, 'Слух', '', 'Сильный', '["1.1","2.1","3.1","4.1","5.1","6.1","7.1"]', 0.143),
(16, 6, 'Синий', NULL, 'Нравится', '["6.1","6.2","6.3","6.4","6.5"]', 0.2),
(17, 6, 'Синий', NULL, 'Нейтрально', '["6.1","6.2","6.3","6.4","6.5"]', 0.2),
(18, 6, 'Синий', NULL, 'Не нравится', '["6.1","6.2","6.3","6.4","6.5"]', -0.2),
(19, 7, 'Фиолетовый', NULL, 'Нравится', '["7.1","7.2","7.3","7.4","7.5"]', 0.2),
(20, 7, 'Фиолетовый', NULL, 'Нейтрально', '["7.1","7.2","7.3","7.4","7.5"]', 0),
(21, 7, 'Фиолетовый', NULL, 'Не нравится', '["7.1","7.2","7.3","7.4","7.5"]', -0.2),
(22, 8, 'Черный', NULL, 'Нравится', '["1.1","2.1","3.1","4.1","5.1","6.1","7.1"]', 0.143),
(23, 8, 'Черный', NULL, 'Нейтрально', '["1.1","2.1","3.1","4.1","5.1","6.1","7.1"]', 0),
(24, 8, 'Черный', NULL, 'Не нравится', '["1.1","2.1","3.1","4.1","5.1","6.1","7.1"]', -0.143),
(25, 9, 'Белый', NULL, 'Нравится', '["1.2","2.2","3.2","4.2","5.2","6.2","7.2"]', 0.143),
(26, 9, 'Белый', NULL, 'Нейтрально', '["1.2","2.2","3.2","4.2","5.2","6.2","7.2"]', 0),
(27, 9, 'Белый', NULL, 'Не нравится', '["1.2","2.2","3.2","4.2","5.2","6.2","7.2"]', -0.143),
(28, 10, 'Коричневый', NULL, 'Нравится', '["1.3","2.3","3.3","4.3","5.3","6.3","7.3"]', 0.143),
(29, 10, 'Коричневый', NULL, 'Нейтрально', '["1.3","2.3","3.3","4.3","5.3","6.3","7.3"]', 0),
(30, 10, 'Коричневый', NULL, 'Не нравится', '["1.3","2.3","3.3","4.3","5.3","6.3","7.3"]', -0.143),
(31, 11, 'Розовый', NULL, 'Нравится', '["1.4","2.4","3.4","4.4","5.4","6.4","7.4"]', 0.143),
(32, 11, 'Розовый', NULL, 'Нейтрально', '["1.4","2.4","3.4","4.4","5.4","6.4","7.4"]', 0),
(33, 11, 'Розовый', NULL, 'Не нравится', '["1.4","2.4","3.4","4.4","5.4","6.4","7.4"]', -0.143),
(34, 12, 'Серебристо-серый', NULL, 'Нравится', '["1.5","2.5","3.5","4.5","5.5","6.5","7.5"]', 0.143),
(35, 12, 'Серебристо-серый', NULL, 'Нейтрально', '["1.5","2.5","3.5","4.5","5.5","6.5","7.5"]', 0),
(36, 12, 'Серебристо-серый', NULL, 'Не нравится', '["1.5","2.5","3.5","4.5","5.5","6.5","7.5"]', -0.2),
(37, 13, 'Самый лучший', 'http://www.colorcombos.com/images/colors/FF0000.png', 'Красный', '["1.1","1.2","1.3","1.4","1.5"]', 0.6),
(38, 13, 'Самый лучший', 'http://www.colorcombos.com/images/colors/FF6600.png', 'Оранжевый', '["2.1","2.2","2.3","2.4","5.5"]', 0.6),
(39, 13, 'Самый лучший', 'http://www.colorcombos.com/images/colors/FFFF00.png', 'Желтый', '["3.1","3.2","3.3","3.4","3.5"]', 0.6),
(40, 13, 'Самый лучший', 'http://www.colorcombos.com/images/colors/0D540D.png', 'Зеленый', '["4.1","4.2","4.3","4.4","4.5"]', 0.6),
(41, 13, 'Самый лучший', 'http://www.colorcombos.com/images/colors/3399FF.png', 'Голубой', '["5.1","5.2","5.3","5.4","5.5"]', 0.6),
(42, 13, 'Самый лучший', 'http://www.colorcombos.com/images/colors/000066.png', 'Синий', '["6.1","6.2","6.3","6.4","6.5"]', 0.6),
(43, 13, 'Самый лучший', 'http://www.colorcombos.com/images/colors/663399.png', 'Фиолетовый', '["7.1","7.2","7.3","7.4","7.5"]', 0.6),
(44, 14, 'Самый худший', 'http://www.colorcombos.com/images/colors/FF0000.png', 'Красный', '["1.1","1.2","1.3","1.4","1.5"]', -0.6),
(45, 14, 'Самый худший', 'http://www.colorcombos.com/images/colors/FF6600.png', 'Оранжевый', '["2.1","2.2","2.3","2.4","5.5"]', -0.6),
(46, 14, 'Самый худший', 'http://www.colorcombos.com/images/colors/FFFF00.png', 'Желтый', '["3.1","3.2","3.3","3.4","3.5"]', -0.6),
(47, 14, 'Самый худший', 'http://www.colorcombos.com/images/colors/0D540D.png', 'Зеленый', '["4.1","4.2","4.3","4.4","4.5"]', -0.6),
(48, 14, 'Самый худший', 'http://www.colorcombos.com/images/colors/3399FF.png', 'Голубой', '["5.1","5.2","5.3","5.4","5.5"]', -0.6),
(49, 14, 'Самый худший', 'http://www.colorcombos.com/images/colors/000066.png', 'Синий', '["6.1","6.2","6.3","6.4","6.5"]', -0.6),
(50, 14, 'Самый худший', 'http://www.colorcombos.com/images/colors/663399.png', 'Фиолетовый', '["7.1","7.2","7.3","7.4","7.5"]', -0.6),
(51, 15, 'Самый лучший', 'http://www.colorcombos.com/images/colors/000000.png', 'Черный', '["1.1","2.1","3.1","4.1","5.1","6.1","7.1"]', 0.429),
(52, 15, 'Самый лучший', 'http://www.colorcombos.com/images/colors/FFFFFF.png', 'Белый', '["1.2","2.2","3.2","4.2","5.2","6.2","7.2"]', 0.429),
(53, 15, 'Самый лучший', 'http://www.colorcombos.com/images/colors/663300.png', 'Коричневый', '["1.3","2.3","3.3","4.3","5.3","6.3","7.3"]', 0.429),
(54, 15, 'Самый лучший', 'http://www.colorcombos.com/images/colors/FFBAD2.png', 'Розовый', '["1.4","2.4","3.4","4.4","5.4","6.4","7.4"]', 0.429),
(55, 15, 'Самый лучший', 'http://www.colorcombos.com/images/colors/CCCCCC.png', 'Серебристо-серый', '["1.5","2.5","3.5","4.5","5.5","6.5","7.5"]', 0.429),
(56, 16, 'Самый худший', 'http://www.colorcombos.com/images/colors/000000.png', 'Черный', '["1.1","2.1","3.1","4.1","5.1","6.1","7.1"]', -0.429),
(57, 16, 'Самый худший', 'http://www.colorcombos.com/images/colors/FFFFFF.png', 'Белый', '["1.2","2.2","3.2","4.2","5.2","6.2","7.2"]', -0.429),
(58, 16, 'Самый худший', 'http://www.colorcombos.com/images/colors/663300.png', 'Коричневый', '["1.3","2.3","3.3","4.3","5.3","6.3","7.3"]', -0.429),
(59, 16, 'Самый худший', 'http://www.colorcombos.com/images/colors/FFBAD2.png', 'Розовый', '["1.4","2.4","3.4","4.4","5.4","6.4","7.4"]', -0.429),
(60, 16, 'Самый худший', 'http://www.colorcombos.com/images/colors/CCCCCC.png', 'Серебристо-серый', '["1.5","2.5","3.5","4.5","5.5","6.5","7.5"]', -0.429),
(1, 1, 'Красный', NULL, 'Нравится', '["1.1","1.2","1.3","1.4","1.5"]', 0.2),
(2, 1, 'Красный', NULL, 'Нейтрально', '["1.1","1.2","1.3","1.4","1.5"]', 0),
(3, 1, 'Красный', NULL, 'Не нравится', '["1.1","1.2","1.3","1.4","1.5"]', -0.2),
(4, 2, 'Оранжевый', NULL, 'Нравится', '["4.1","4.2","4.3","4.4","4.5"]', 0.2),
(5, 2, 'Оранжевый', NULL, 'Нейтрально', '["4.1","4.2","4.3","4.4","4.5"]', 0),
(6, 2, 'Оранжевый', NULL, 'Не нравится', '["4.1","4.2","4.3","4.4","4.5"]', -0.2),
(7, 3, 'Желтый', NULL, 'Нравится', '["5.1","5.2","5.3","5.4","5.5"]', 0.2),
(8, 3, 'Желтый', NULL, 'Нейтрально', '["5.1","5.2","5.3","5.4","5.5"]', 0),
(9, 3, 'Желтый', NULL, 'Не нравится', '["5.1","5.2","5.3","5.4","5.5"]', -0.2),
(10, 4, 'Зеленый', NULL, 'Нравится', '["4.1","4.2","4.3","4.4","4.5"]', 0.2),
(11, 4, 'Зеленый', NULL, 'Нейтрально', '["4.1","4.2","4.3","4.4","4.5"]', 0),
(12, 4, 'Зеленый', NULL, 'Не нравится', '["4.1","4.2","4.3","4.4","4.5"]', -0.2),
(13, 5, 'Голубой', NULL, 'Нравится', '["5.1","5.2","5.3","5.4","5.5"]', 0.2),
(14, 5, 'Голубой', NULL, 'Нейтрально', '["5.1","5.2","5.3","5.4","5.5"]', 0),
(15, 5, 'Голубой', NULL, 'Не нравится', '["5.1","5.2","5.3","5.4","5.5"]', -0.2),
(86, 24, 'Соленый', NULL, 'Нравится', '["1.1","2.1","3.1","4.1","5.1","6.1","7.1"]', 0.143),
(87, 24, 'Соленый', NULL, 'Нейтрально', '["1.1","2.1","3.1","4.1","5.1","6.1","7.1"]', 0),
(88, 24, 'Соленый', NULL, 'Не нравится', '["1.1","2.1","3.1","4.1","5.1","6.1","7.1"]', -0.143),
(89, 25, 'Острый', NULL, 'Нравится', '["1.2","2.2","3.2","4.2","5.2","6.2","7.2"]', 0.143),
(90, 25, 'Острый', NULL, 'Нейтрально', '["1.2","2.2","3.2","4.2","5.2","6.2","7.2"]', 0),
(91, 25, 'Острый', NULL, 'Не нравится', '["1.2","2.2","3.2","4.2","5.2","6.2","7.2"]', -0.143),
(92, 26, 'Сладкий', NULL, 'Нравится', '["1.3","2.3","3.3","4.3","5.3","6.3","7.3"]', 0.143),
(93, 26, 'Сладкий', NULL, 'Нейтрально', '["1.3","2.3","3.3","4.3","5.3","6.3","7.3"]', 0),
(94, 26, 'Сладкий', NULL, 'Не нравится', '["1.3","2.3","3.3","4.3","5.3","6.3","7.3"]', -0.143),
(95, 27, 'Горький', NULL, 'Нравится', '["1.4","2.4","3.4","4.4","5.4","6.4","7.4"]', 0.143),
(96, 27, 'Горький', NULL, 'Нейтрально', '["1.4","2.4","3.4","4.4","5.4","6.4","7.4"]', 0),
(97, 27, 'Горький', NULL, 'Не нравится', '["1.4","2.4","3.4","4.4","5.4","6.4","7.4"]', -0.143),
(98, 28, 'Кислый', NULL, 'Нравится', '["1.5","2.5","3.5","4.5","5.5","6.5","7.5"]', 0.143),
(99, 28, 'Кислый', NULL, 'Нейтрально', '["1.5","2.5","3.5","4.5","5.5","6.5","7.5"]', 0),
(100, 28, 'Кислый', NULL, 'Не нравится', '["1.5","2.5","3.5","4.5","5.5","6.5","7.5"]', -0.143),
(101, 29, 'Самый лучший', NULL, 'Соленый', '["1.1","2.1","3.1","4.1","5.1","6.1","7.1"]', 0.429),
(102, 29, 'Самый лучший', NULL, 'Острый', '["1.2","2.2","3.2","4.2","5.2","6.2","7.2"]', 0.429),
(103, 29, 'Самый лучший', NULL, 'Сладкий', '["1.2","2.2","3.2","4.2","5.2","6.2","7.2"]', 0.429),
(104, 29, 'Самый лучший', NULL, 'Горький', '["1.2","2.2","3.2","4.2","5.2","6.2","7.2"]', 0.2),
(105, 29, 'Самый лучший', NULL, 'Кислый', '["1.3","2.3","3.3","4.3","5.3","6.3","7.3"]', 0.429),
(106, 30, 'Самый худший', NULL, 'Соленый', '["1.3","2.3","3.3","4.3","5.3","6.3","7.3"]', -0.429),
(107, 30, 'Самый худший', NULL, 'Острый', '["1.4","2.4","3.4","4.4","5.4","6.4","7.4"]', -0.429),
(108, 30, 'Самый худший', NULL, 'Сладкий', '["1.4","2.4","3.4","4.4","5.4","6.4","7.4"]', -0.429),
(109, 30, 'Самый худший', NULL, 'Горький', '["1.4","2.4","3.4","4.4","5.4","6.4","7.4"]', -0.429),
(110, 30, 'Самый худший', NULL, 'Кислый', '["1.5","2.5","3.5","4.5","5.5","6.5","7.5"]', -0.429),
(111, 31, 'Вода', NULL, 'Позитивно', '["1.1","2.1","3.1","4.1","5.1","6.1","7.1"]', 0.143),
(112, 31, 'Вода', NULL, 'Нейтрально', '["1.1","2.1","3.1","4.1","5.1","6.1","7.1"]', 0),
(113, 31, 'Вода', NULL, 'Негативно', '["1.1","2.1","3.1","4.1","5.1","6.1","7.1"]', -0.143),
(114, 32, 'Металл(воздух)', NULL, 'Позитивно', '["1.2","2.2","3.2","4.2","5.2","6.2","7.2"]', 0.143),
(115, 32, 'Металл(воздух)', NULL, 'Нейтрально', '["1.2","2.2","3.2","4.2","5.2","6.2","7.2"]', 0),
(116, 32, 'Металл(воздух)', NULL, 'Негативно', '["1.2","2.2","3.2","4.2","5.2","6.2","7.2"]', -0.143),
(117, 33, 'Земля', NULL, 'Позитивно', '["1.3","2.3","3.3","4.3","5.3","6.3","7.3"]', 0.143),
(118, 33, 'Земля', NULL, 'Нейтрально', '["1.3","2.3","3.3","4.3","5.3","6.3","7.3"]', 0),
(119, 33, 'Земля', NULL, 'Негативно', '["1.3","2.3","3.3","4.3","5.3","6.3","7.3"]', -0.143),
(120, 34, 'Огонь', NULL, 'Позитивно', '["1.4","2.4","3.4","4.4","5.4","6.4","7.4"]', 0.143),
(121, 34, 'Огонь', NULL, 'Нейтрально', '["1.4","2.4","3.4","4.4","5.4","6.4","7.4"]', 0),
(122, 34, 'Огонь', NULL, 'Негативно', '["1.4","2.4","3.4","4.4","5.4","6.4","7.4"]', -0.143),
(123, 35, 'Дерево', NULL, 'Позитивно', '["1.5","2.5","3.5","4.5","5.5","6.5","7.5"]', 0.143),
(124, 35, 'Дерево', NULL, 'Нейтрально', '["1.5","2.5","3.5","4.5","5.5","6.5","7.5"]', 0),
(125, 35, 'Дерево', NULL, 'Негативно', '["1.5","2.5","3.5","4.5","5.5","6.5","7.5"]', -0.143),
(126, 36, 'Самый лучший', NULL, 'Вода', '["1.1","2.1","3.1","4.1","5.1","6.1","7.1"]', 0.429),
(127, 36, 'Самый лучший', NULL, 'Металл(воздух)', '["1.2","2.2","3.2","4.2","5.2","6.2","7.2"]', 0.429),
(128, 36, 'Самый лучший', NULL, 'Земля', '["1.2","2.2","3.2","4.2","5.2","6.2","7.2"]', 0.429),
(129, 36, 'Самый лучший', NULL, 'Огонь', '["1.2","2.2","3.2","4.2","5.2","6.2","7.2"]', 0.429),
(130, 36, 'Самый лучший', NULL, 'Дерево', '["1.3","2.3","3.3","4.3","5.3","6.3","7.3"]', 0.429),
(131, 37, 'Самый худший', NULL, 'Вода', '["1.3","2.3","3.3","4.3","5.3","6.3","7.3"]', -0.429),
(132, 37, 'Самый худший', NULL, 'Металл(воздух)', '["1.4","2.4","3.4","4.4","5.4","6.4","7.4"]', -0.429),
(133, 37, 'Самый худший', NULL, 'Земля', '["1.4","2.4","3.4","4.4","5.4","6.4","7.4"]', -0.429),
(134, 37, 'Самый худший', NULL, 'Огонь', '["1.4","2.4","3.4","4.4","5.4","6.4","7.4"]', -0.429),
(135, 37, 'Самый худший', NULL, 'Дерево', '["1.5","2.5","3.5","4.5","5.5","6.5","7.5"]', -0.429),
(136, 38, 'Икосаэдр', NULL, 'Позитивно', '["1.1","2.1","3.1","4.1","5.1","6.1","7.1"]', 0.143),
(137, 38, 'Икосаэдр', NULL, 'Нейтрально', '["1.1","2.1","3.1","4.1","5.1","6.1","7.1"]', 0),
(138, 38, 'Икосаэдр', NULL, 'Негативно', '["1.1","2.1","3.1","4.1","5.1","6.1","7.1"]', -0.143),
(139, 39, 'Октаэдр', NULL, 'Позитивно', '["1.2","2.2","3.2","4.2","5.2","6.2","7.2"]', 0.143),
(140, 39, 'Октаэдр', NULL, 'Нейтрально', '["1.2","2.2","3.2","4.2","5.2","6.2","7.2"]', 0),
(141, 39, 'Октаэдр', NULL, 'Негативно', '["1.2","2.2","3.2","4.2","5.2","6.2","7.2"]', -0.143),
(142, 40, 'Гексаэдр', NULL, 'Позитивно', '["1.3","2.3","3.3","4.3","5.3","6.3","7.3"]', 0.143),
(143, 40, 'Гексаэдр', NULL, 'Нейтрально', '["1.3","2.3","3.3","4.3","5.3","6.3","7.3"]', 0),
(144, 40, 'Гексаэдр', NULL, 'Негативно', '["1.3","2.3","3.3","4.3","5.3","6.3","7.3"]', -0.143),
(145, 41, 'Тетраэдр', NULL, 'Позитивно', '["1.4","2.4","3.4","4.4","5.4","6.4","7.4"]', 0.143),
(146, 41, 'Тетраэдр', NULL, 'Нейтрально', '["1.4","2.4","3.4","4.4","5.4","6.4","7.4"]', 0),
(147, 41, 'Тетраэдр', NULL, 'Негативно', '["1.4","2.4","3.4","4.4","5.4","6.4","7.4"]', -0.143),
(148, 42, 'Додекаэдр', NULL, 'Позитивно', '["1.5","2.5","3.5","4.5","5.5","6.5","7.5"]', 0.143),
(149, 42, 'Додекаэдр', NULL, 'Нейтрально', '["1.5","2.5","3.5","4.5","5.5","6.5","7.5"]', 0),
(150, 42, 'Додекаэдр', NULL, 'Негативно', '["1.5","2.5","3.5","4.5","5.5","6.5","7.5"]', -0.143),
(151, 43, 'Самый лучший', 'http://school-37.ru/downloads/poly/uniform/convex/platonic/texture/icosahedron.jpg', 'Икосаэдр', '["1.1","2.1","3.1","4.1","5.1","6.1","7.1"]', 0.429),
(152, 43, 'Самый лучший', 'http://school-37.ru/downloads/poly/uniform/convex/platonic/texture/octahedron.jpg', 'Октаэдр', '["1.2","2.2","3.2","4.2","5.2","6.2","7.2"]', 0.429),
(153, 43, 'Самый лучший', 'http://school-37.ru/downloads/poly/uniform/convex/platonic/texture/cube.jpg', 'Гексаэдр', '["1.2","2.2","3.2","4.2","5.2","6.2","7.2"]', 0.429),
(154, 43, 'Самый лучший', 'http://school-37.ru/downloads/poly/uniform/convex/platonic/texture/tetrahedron.jpg', 'Тетраэдр', '["1.2","2.2","3.2","4.2","5.2","6.2","7.2"]', 0.429),
(155, 43, 'Самый лучший', 'http://school-37.ru/downloads/poly/uniform/convex/platonic/texture/dodecahedron.jpg', 'Додекаэдр', '["1.3","2.3","3.3","4.3","5.3","6.3","7.3"]', 0.429),
(156, 44, 'Самый худший', 'http://school-37.ru/downloads/poly/uniform/convex/platonic/texture/icosahedron.jpg', 'Икосаэдр', '["1.3","2.3","3.3","4.3","5.3","6.3","7.3"]', -0.429),
(157, 44, 'Самый худший', 'http://school-37.ru/downloads/poly/uniform/convex/platonic/texture/octahedron.jpg', 'Октаэдр', '["1.4","2.4","3.4","4.4","5.4","6.4","7.4"]', -0.429),
(158, 44, 'Самый худший', 'http://school-37.ru/downloads/poly/uniform/convex/platonic/texture/cube.jpg', 'Гексаэдр', '["1.4","2.4","3.4","4.4","5.4","6.4","7.4"]', -0.429),
(159, 44, 'Самый худший', 'http://school-37.ru/downloads/poly/uniform/convex/platonic/texture/tetrahedron.jpg', 'Тетраэдр', '["1.4","2.4","3.4","4.4","5.4","6.4","7.4"]', -0.429),
(160, 44, 'Самый худший', 'http://school-37.ru/downloads/poly/uniform/convex/platonic/texture/dodecahedron.jpg', 'Додекаэдр', '["1.5","2.5","3.5","4.5","5.5","6.5","7.5"]', -0.429),
(161, 45, 'Ориентирование', NULL, 'Легко', '["1.1","2.1","3.1","4.1","5.1","6.1","7.1"]', 0.143),
(162, 45, 'Ориентирование', NULL, 'Нормально', '["1.1","2.1","3.1","4.1","5.1","6.1","7.1"]', 0),
(163, 45, 'Ориентирование', NULL, 'Тяжело', '["1.1","2.1","3.1","4.1","5.1","6.1","7.1"]', -0.143),
(164, 46, 'Вера в дело', NULL, 'Легко', '["1.2","2.2","3.2","4.2","5.2","6.2","7.2"]', 0.143),
(165, 46, 'Вера в дело', NULL, 'Нормально', '["1.2","2.2","3.2","4.2","5.2","6.2","7.2"]', 0),
(166, 46, 'Вера в дело', NULL, 'Тяжело', '["1.2","2.2","3.2","4.2","5.2","6.2","7.2"]', -0.143),
(167, 47, 'Желание и переживание эмоций', NULL, 'Легко', '["1.3","2.3","3.3","4.3","5.3","6.3","7.3"]', 0.143),
(168, 47, 'Желание и переживание эмоций', NULL, 'Нормально', '["1.3","2.3","3.3","4.3","5.3","6.3","7.3"]', 0),
(169, 47, 'Желание и переживание эмоций', NULL, 'Тяжело', '["1.3","2.3","3.3","4.3","5.3","6.3","7.3"]', -0.143),
(170, 48, 'Любовь и выстраивание взаимоотношений', NULL, 'Легко', '["1.4","2.4","3.4","4.4","5.4","6.4","7.4"]', 0.143),
(171, 48, 'Любовь и выстраивание взаимоотношений', NULL, 'Нормально', '["1.4","2.4","3.4","4.4","5.4","6.4","7.4"]', 0),
(172, 48, 'Любовь и выстраивание взаимоотношений', NULL, 'Тяжело', '["1.4","2.4","3.4","4.4","5.4","6.4","7.4"]', -0.143),
(173, 49, 'Воспринимание и действие', NULL, 'Легко', '["1.5","2.5","3.5","4.5","5.5","6.5","7.5"]', 0.143),
(174, 49, 'Воспринимание и действие', NULL, 'Нормально', '["1.5","2.5","3.5","4.5","5.5","6.5","7.5"]', 0),
(175, 49, 'Воспринимание и действие', NULL, 'Тяжело', '["1.5","2.5","3.5","4.5","5.5","6.5","7.5"]', -0.143),
(176, 50, 'Самое легкое', '', 'Ориентирование', '["1.1","2.1","3.1","4.1","5.1","6.1","7.1"]', 0.429),
(177, 50, 'Самое легкое', '', 'Вера в дело', '["1.2","2.2","3.2","4.2","5.2","6.2","7.2"]', 0.429),
(178, 50, 'Самое легкое', '', 'Желание и переживание эмоций', '["1.2","2.2","3.2","4.2","5.2","6.2","7.2"]', 0.429),
(179, 50, 'Самое легкое', '', 'Любовь и выстраивание взаимоотношений', '["1.2","2.2","3.2","4.2","5.2","6.2","7.2"]', 0.429),
(180, 50, 'Самое легкое', '', 'Воспринимание и действие', '["1.3","2.3","3.3","4.3","5.3","6.3","7.3"]', 0.429),
(181, 51, 'Самое тяжелое', '', 'Ориентирование', '["1.3","2.3","3.3","4.3","5.3","6.3","7.3"]', -0.429),
(182, 51, 'Самое тяжелое', '', 'Вера в дело', '["1.4","2.4","3.4","4.4","5.4","6.4","7.4"]', -0.429),
(183, 51, 'Самое тяжелое', '', 'Желание и переживание эмоций', '["1.4","2.4","3.4","4.4","5.4","6.4","7.4"]', -0.429),
(184, 51, 'Самое тяжелое', '', 'Любовь и выстраивание взаимоотношений', '["1.4","2.4","3.4","4.4","5.4","6.4","7.4"]', -0.429),
(185, 51, 'Самое тяжелое', '', 'Воспринимание и действие', '["1.5","2.5","3.5","4.5","5.5","6.5","7.5"]', -0.429),
(186, 52, 'Жизнь', NULL, 'Легко', '["4.1","4.2","4.3","4.4","4.5"]', 0.2),
(187, 52, 'Жизнь', NULL, 'Нормально', '["4.1","4.2","4.3","4.4","4.5"]', 0),
(188, 52, 'Жизнь', NULL, 'Тяжело', '["4.1","4.2","4.3","4.4","4.5"]', -0.2),
(189, 53, 'Общение', NULL, 'Легко', '["4.1","4.2","4.3","4.4","4.5"]', 0.2),
(190, 53, 'Общение', NULL, 'Нормально', '["4.1","4.2","4.3","4.4","4.5"]', 0),
(191, 53, 'Общение', NULL, 'Тяжело', '["4.1","4.2","4.3","4.4","4.5"]', -0.2),
(192, 54, 'Думать', NULL, 'Легко', '["4.1","4.2","4.3","4.4","4.5"]', 0.2),
(193, 54, 'Думать', NULL, 'Нормально', '["4.1","4.2","4.3","4.4","4.5"]', 0),
(194, 54, 'Думать', NULL, 'Тяжело', '["4.1","4.2","4.3","4.4","4.5"]', -0.2),
(195, 55, 'Вступаю в коллективные взаимодействия', NULL, 'Легко', '["4.1","4.2","4.3","4.4","4.5"]', 0.2),
(196, 55, 'Вступаю в коллективные взаимодействия', NULL, 'Нормально', '["4.1","4.2","4.3","4.4","4.5"]', 0),
(197, 55, 'Вступаю в коллективные взаимодействия', NULL, 'Тяжело', '["4.1","4.2","4.3","4.4","4.5"]', -0.2),
(198, 56, 'Личностно развиваюсь', NULL, 'Легко', '["4.1","4.2","4.3","4.4","4.5"]', 0.2),
(199, 56, 'Личностно развиваюсь', NULL, 'Нормально', '["4.1","4.2","4.3","4.4","4.5"]', 0),
(200, 56, 'Личностно развиваюсь', NULL, 'Тяжело', '["4.1","4.2","4.3","4.4","4.5"]', -0.2),
(201, 57, 'Следую своим ценностным установкам', NULL, 'Легко', '["4.1","4.2","4.3","4.4","4.5"]', 0.2),
(202, 57, 'Следую своим ценностным установкам', NULL, 'Нормально', '["4.1","4.2","4.3","4.4","4.5"]', 0),
(203, 57, 'Следую своим ценностным установкам', NULL, 'Тяжело', '["4.1","4.2","4.3","4.4","4.5"]', -0.2),
(204, 58, 'Одухотворяюсь (истиной, гармонией, красотой)', NULL, 'Легко', '["4.1","4.2","4.3","4.4","4.5"]', 0.2),
(205, 58, 'Одухотворяюсь (истиной, гармонией, красотой)', NULL, 'Нормально', '["4.1","4.2","4.3","4.4","4.5"]', 0),
(206, 58, 'Одухотворяюсь (истиной, гармонией, красотой)', NULL, 'Тяжело', '["4.1","4.2","4.3","4.4","4.5"]', -0.2),
(207, 59, 'Самое легкое', NULL, 'Жизнь', '["1.1","1.2","1.3","1.4","1.5"]', 0.6),
(208, 59, 'Самое легкое', NULL, 'Общение', '["2.1","2.2","2.3","2.4","2.5"]', 0.6),
(209, 59, 'Самое легкое', NULL, 'Думать', '["3.1","3.2","3.3","3.4","3.5"]', 0.6),
(210, 59, 'Самое легкое', NULL, 'Вступать в коллективные взаимодействия', '["4.1","4.2","4.3","4.4","4.5"]', 0.6),
(211, 59, 'Самое легкое', NULL, 'Личностно развиваться', '["5.1","5.2","5.3","5.4","5.5"]', 0.6),
(212, 59, 'Самое легкое', NULL, 'Следовать своим ценностным установкам', '["6.1","6.2","6.3","6.4","6.5"]', 0.6),
(213, 59, 'Самое легкое', NULL, 'Одухвотворение', '["7.1","7.2","7.3","7.4","7.5"]', 0.6),
(214, 60, 'Самое тяжелое', NULL, 'Жизнь', '["1.1","1.2","1.3","1.4","1.5"]', -0.6),
(215, 60, 'Самое тяжелое', NULL, 'Общение', '["2.1","2.2","2.3","2.4","2.5"]', -0.6),
(216, 60, 'Самое тяжелое', NULL, 'Думать', '["3.1","3.2","3.3","3.4","3.5"]', -0.6),
(217, 60, 'Самое тяжелое', NULL, 'Вступать в коллективные взаимодействия', '["4.1","4.2","4.3","4.4","4.5"]', -0.6),
(218, 60, 'Самое тяжелое', NULL, 'Личностно развиваться', '["5.1","5.2","5.3","5.4","5.5"]', -0.6),
(219, 60, 'Самое тяжелое', NULL, 'Следовать своим ценностным установкам', '["6.1","6.2","6.3","6.4","6.5"]', -0.6),
(220, 60, 'Самое тяжелое', NULL, 'Одухвотворение', '["7.1","7.2","7.3","7.4","7.5"]', -0.6);

-- --------------------------------------------------------

--
-- Структура таблицы `migration`
--

CREATE TABLE `migration` (
  `version` varchar(180) NOT NULL,
  `apply_time` int(11) DEFAULT NULL
) ENGINE=MyISAM DEFAULT CHARSET=latin1;

--
-- Дамп данных таблицы `migration`
--

INSERT INTO `migration` (`version`, `apply_time`) VALUES
('m000000_000000_base', 1481958680),
('m140209_132017_init', 1481958709),
('m140403_174025_create_account_table', 1481958709),
('m140504_113157_update_tables', 1481958710),
('m140504_130429_create_token_table', 1481958710),
('m140830_171933_fix_ip_field', 1481958710),
('m140830_172703_change_account_table_name', 1481958710),
('m141222_110026_update_ip_field', 1481958710),
('m141222_135246_alter_username_length', 1481958711),
('m150614_103145_update_social_account_table', 1481958711),
('m150623_212711_fix_username_notnull', 1481958711),
('m151218_234654_add_timezone_to_profile', 1481958711),
('m171203_140354_add_new_field_to_user', 1512310135);

-- --------------------------------------------------------

--
-- Структура таблицы `profession`
--

CREATE TABLE `profession` (
  `id` int(11) NOT NULL,
  `name` varchar(250) COLLATE utf8_unicode_ci NOT NULL,
  `description` text COLLATE utf8_unicode_ci,
  `specialityId` int(11) DEFAULT NULL,
  `main_cell_1` varchar(4) COLLATE utf8_unicode_ci DEFAULT NULL,
  `main_cell_2` varchar(4) COLLATE utf8_unicode_ci DEFAULT NULL,
  `additional_cell_1` varchar(4) COLLATE utf8_unicode_ci DEFAULT NULL,
  `additional_cell_2` varchar(4) COLLATE utf8_unicode_ci DEFAULT NULL,
  `additional_cell_3` varchar(4) COLLATE utf8_unicode_ci DEFAULT NULL,
  `additional_cell_4` varchar(4) COLLATE utf8_unicode_ci DEFAULT NULL,
  `additional_cell_5` varchar(4) COLLATE utf8_unicode_ci DEFAULT NULL,
  `additional_cell_6` varchar(4) COLLATE utf8_unicode_ci DEFAULT NULL,
  `boss_flags` int(4) DEFAULT NULL
) ENGINE=InnoDB DEFAULT CHARSET=utf8 COLLATE=utf8_unicode_ci;

--
-- Дамп данных таблицы `profession`
--

INSERT INTO `profession` (`id`, `name`, `description`, `specialityId`, `main_cell_1`, `main_cell_2`, `additional_cell_1`, `additional_cell_2`, `additional_cell_3`, `additional_cell_4`, `additional_cell_5`, `additional_cell_6`, `boss_flags`) VALUES
(1, 'Агроинженер', NULL, 1, '1.1', '', '4.2', '', '', '', '', NULL, 1100),
(2, 'Агроконсультант', NULL, 1, '1.1', '4.4', '5.4', '', '', '', '', NULL, 1100),
(3, 'Агромаркетолог', NULL, 1, '1.1', '4.4', '6.3', '2.5', '', '', '', NULL, 1100),
(4, 'Агролаборант', NULL, 1, '1.1', '4.4', '', '', '', '', '', NULL, 0),
(5, 'Агроном', NULL, 1, '1.1', '', '5.1', '6.3', '', '', '', NULL, 1000),
(6, 'Биолог в агросекторе', NULL, 1, '1.1', '', '5.1', '', '', '', '', NULL, 0),
(7, 'Ветеринар в агросекторе', NULL, 1, '', '4.4', '5.1', '6.3', '', '', '', NULL, 0),
(8, 'Ветеринарный фельдшер', NULL, 1, '', '4.4', '4.3', '5.1', '', '', '', NULL, 0),
(9, 'Вирусолог в агросекторе', NULL, 1, '', '4.4', '5.1', '', '', '', '', NULL, 0),
(10, 'Геодезист (картограф)', NULL, 1, '1.1', '', '3.2', '6.3', '', '', '', NULL, 0),
(11, 'Животновод', NULL, 1, '', '4.4', '1.3', '6.3', '', '', '', NULL, 0),
(12, 'Мастерагропроизводства', NULL, 1, '1.1', '4.4', '4.2', '6.3', '', '', '', NULL, 1100),
(13, 'Метеоролог', NULL, 1, '1.1', '', '1.3', '5.1', '', '', '', NULL, 0),
(14, 'Овощевод, растениевод, садовник', NULL, 1, '1.1', '', '1.3', '6.3', '', '', '', NULL, 0),
(15, 'Озеленитель', NULL, 1, '1.1', '', '1.3', '', '', '', '', NULL, 0),
(16, 'Оценщик в агросекторе', NULL, 1, '1.1', '4.4', '3.4', '', '', '', '', NULL, 0),
(17, 'Повар', NULL, 1, '1.1', '4.4', '4.2', '1.3', '', '', '', NULL, 0),
(18, 'Преподаватель по растениеводству', NULL, 1, '1.1', '', '5.2', '5.1', '3.4', '', '', NULL, 1100),
(19, 'Преподаватель по животноводству', NULL, 1, '', '4.4', '5.2', '3.4', '1.2', '', '', NULL, 1100),
(20, 'Преподавательагроэкономики', NULL, 1, '1.1', '4.4', '5.2', '6.3', '', '', '', NULL, 1100),
(21, 'Преподаватель по механизации', NULL, 1, '1.1', '4.4', '5.2', '4.2', '', '', '', NULL, 1100),
(22, 'Преподаватель по аграрному законодательству', NULL, 1, '1.1', '4.4', '5.2', '6.1', '', '', '', NULL, 1100),
(23, 'Рыболов', NULL, 1, '1.1', '4.4', '', '', '', '', '', NULL, 0),
(24, 'Технолог сельскохозяйственного производства', NULL, 1, '1.1', '4.4', '4.2', '6.3', '', '', '', NULL, 1100),
(25, 'Технолог растениеводческого производства', NULL, 1, '1.1', '', '4.2', '6.3', '', '', '', NULL, 1100),
(26, 'Технолог животноводческогопроизводства', NULL, 1, '', '4.4', '4.2', '6.3', '', '', '', NULL, 1100),
(27, 'Тракторист-машинист растениеводческого производства', NULL, 1, '1.1', '', '1.3', '6.3', '', '', '', NULL, 0),
(28, 'Тракторист-машинист животноводческогопроизводства', NULL, 1, '', '4.4', '1.3', '6.3', '', '', '', NULL, 0),
(29, 'Флорист, цветовод', NULL, 1, '1.1', '', '6.5', '2.3', '1.3', '', '', NULL, 1000),
(30, 'Web-дизайнер', NULL, 2, '3.2', '2.1', '7.5', '3.5', '5.1', '', '', NULL, 0),
(31, 'Flash-разработчик', NULL, 2, '', '2.1', '6.4', '4.2', '', '', '', NULL, 0),
(32, 'Актуариус, архивариус, архивист, библиограф, документовед', NULL, 2, '3.2', '2.1', '3.5', '', '', '', '', NULL, 0),
(33, 'Архитектор-проектировщик', NULL, 2, '3.2', '2.1', '6.5', '6.2', '', '', '', NULL, 1011),
(34, 'Дизайнеринтерьера', NULL, 2, '', '2.1', '7.5', '', '', '', '', NULL, 1000),
(35, 'Дизайнер ландшафта', NULL, 2, '', '2.1', '1.1', '7.5', '', '', '', NULL, 1000),
(36, 'Землеустроитель', NULL, 2, '', '2.1', '6.1', '4.2', '1.1', '1.5', '', NULL, 1111),
(37, 'Инженер-конструктор', NULL, 2, '3.2', '2.1', '3.4', '4.2', '', '', '', NULL, 1100),
(38, 'Инженер-проектировщик', NULL, 2, '3.2', '2.1', '3.4', '4.2', '', '', '', NULL, 1010),
(39, 'Инженер-строитель', NULL, 2, '3.2', '2.1', '5.1', '6.3', '', '', '', NULL, 1010),
(40, 'Маляр', NULL, 2, '', '2.1', '1.3', '6.3', '', '', '', NULL, 0),
(41, 'Маркетолог в строительстве', NULL, 2, '3.2', '2.1', '6.4', '2.5', '', '', '', NULL, 1010),
(42, 'Облицовщик-плиточник', NULL, 2, '', '2.1', '1.3', '6.3', '', '', '', NULL, 0),
(43, 'Оценщик в строительстве', NULL, 2, '3.2', '2.1', '3.4', '', '', '', '', NULL, 0),
(44, 'Помощник руководителя/Секретарь/Офис-менеджер', NULL, 2, '', '2.1', '3.5', '3.3', '', '', '', NULL, 1100),
(45, 'Риэлтор', NULL, 2, '3.2', '', '3.4', '7.1', '1.5', '', '', NULL, 1010),
(46, 'Сервейер(специалист по экспертизе недвижимости)', NULL, 2, '3.2', '', '2.4', '7.1', '3.4', '5.4', '', NULL, 0),
(47, 'Сервейер(специалист по управлению недвижимости)', NULL, 2, '3.2', '', '2.4', '7.1', '3.4', '', '', NULL, 1100),
(48, 'Специалистбэк-офиса', NULL, 2, '3.2', '', '3.5', '6.2', '', '', '', NULL, 1100),
(49, 'Специалист по отделочным работам', NULL, 2, '', '2.1', '4.2', '6.3', '', '', '', NULL, 1100),
(50, 'Техник-строитель', NULL, 2, '3.2', '', '1.3', '4.2', '6.3', '', '', NULL, 0),
(51, 'Электрогазосварщик', NULL, 2, '3.2', '', '1.3', '4.2', '6.3', '', '', NULL, 0),
(52, 'Энергетик-инженер', NULL, 2, '3.2', '', '4.2', '6.3', '', '', '', NULL, 1000),
(53, 'Коучер', NULL, 3, '3.5', '', '5.5', '5.2', '5.4', '4.5', '8.1', NULL, 1111),
(54, 'Менеджер по персоналу, рекрутер', NULL, 3, '3.5', '3.3', '5.5', '5.2', '', '', '', NULL, 1111),
(55, 'Менеджер по работе с клиентами', NULL, 3, '3.5', '3.3', '2.5', '', '', '', '', NULL, 1100),
(56, 'Психолог', NULL, 3, '3.5', '3.3', '5.4', '1.4', '4.5', '', '', NULL, 1111),
(57, 'Психотерапевт', NULL, 3, '3.5', '3.3', '5.4', '8.1', '7.2', '', '', NULL, 1111),
(58, 'Психиатр', NULL, 3, '3.5', '3.3', '2.5', '1.2', '7.4', '', '', NULL, 1100),
(59, 'Социальный педагог', NULL, 3, '3.5', '3.3', '5.2', '5.4', '5.3', '', '', NULL, 1100),
(60, 'Специалист отдела кадрового делопроизводства', NULL, 3, '', '3.3', '5.5', '6.1', '6.2', '', '', NULL, 1000),
(61, 'Социальный работник', NULL, 3, '3.5', '3.3', '2.4', '7.2', '5.4', '', '', NULL, 1000),
(62, 'Искусствоведдуховно-религиозный', NULL, 4, '7.2', '7.4', '7.5', '5.5', '3.1', '8.1', '', NULL, 1000),
(63, 'Преподаватель религиоведения', NULL, 4, '', '7.4', '5.2', '4.1', '5.4', '', '', NULL, 1100),
(64, 'Регент (руководитель хора)', NULL, 4, '7.2', '7.4', '6.5', '5.2', '8.1', '', '', NULL, 1111),
(65, 'Священник', NULL, 4, '7.2', '7.4', '3.3', '3.5', '5.2', '5.5', '', NULL, 1111),
(66, 'Служитель церкви', NULL, 4, '', '7.4', '', '', '', '', '', NULL, 0),
(67, 'Служитель церковного хора', NULL, 4, '', '7.4', '6.5', '', '', '', '', NULL, 0),
(68, 'Теолог-богослов', NULL, 4, '7.2', '7.4', '5.2', '3.1', '8.1', '4.1', '', NULL, 1000),
(69, 'Администратор сайта', NULL, 5, '6.4', '', '5.2', '', '', '', '', NULL, 1000),
(70, 'Блогер', NULL, 5, '6.4', '2.5', '6.5', '7.5', '4.5', '', '', NULL, 0),
(71, 'Верстальщик', NULL, 5, '6.4', '', '', '', '', '', '', NULL, 0),
(72, 'Дизайнер рекламных агентств', NULL, 5, '6.4', '2.5', '3.2', '2.3', '4.5', '', '', NULL, 0),
(73, 'Диктор', NULL, 5, '', '2.5', '', '', '', '', '', NULL, 0),
(74, 'Гид-экскурсовод-переводчик', NULL, 5, '6.4', '2.5', '3.2', '6.5', '4.1', '', '', NULL, 1100),
(75, 'Журналист, корреспондент', NULL, 5, '6.4', '2.5', '6.5', '3.3', '5.4', '', '', NULL, 1000),
(76, 'Критик', NULL, 5, '6.4', '2.5', '6.5', '4.1', '', '', '', NULL, 0),
(77, 'Контент-менеджер(редактор сайтов)', NULL, 5, '6.4', '', '6.5', '7.5', '3.3', '5.4', '3.2', NULL, 1111),
(78, 'Менеджерпо рекламе СМИ-продуктов ', NULL, 5, '6.4', '2.5', '3.5', '3.3', '5.3', '', '', NULL, 1111),
(79, 'Переводчик СМИ', NULL, 5, '6.4', '2.5', '3.2', '', '', '', '', NULL, 0),
(80, 'Пресс-секретарь', NULL, 5, '', '2.5', '3.5', '3.3', '5.3', '2.4', '', NULL, 1100),
(81, 'Технический редактор', NULL, 5, '6.4', '', '4.2', '', '', '', '', NULL, 1100),
(82, 'Редактор СМИ', NULL, 5, '6.4', '2.5', '3.2', '6.5', '5.4', '', '', NULL, 1111),
(83, 'Секретарь-референт', NULL, 5, '', '2.5', '6.1', '2.4', '5.4', '5.3', '3.5', NULL, 1111),
(84, 'Ведущий радио и телевидения', NULL, 5, '6.4', '2.5', '6.5', '3.1', '5.4', '', '', NULL, 1100),
(85, 'Художественный редактор', NULL, 5, '6.4', '2.5', '6.5', '7.5', '3.2', '', '', NULL, 1111),
(86, '1Спрограммист', NULL, 6, '', '3.4', '6.3', '3.2', '1.5', '', '', NULL, 0),
(87, 'Web-программист', NULL, 6, '', '3.4', '3.2', '3.1', '', '', '', NULL, 0),
(88, 'Web-мастер', NULL, 6, '', '3.4', '3.2', '3.1', '2.3', '7.5', '', NULL, 1100),
(89, 'Администраторбазы данных', NULL, 6, '', '3.4', '3.2', '1.5', '', '', '', NULL, 1000),
(90, 'Астроном', NULL, 6, '5.1', '3.4', '', '', '', '', '', NULL, 0),
(91, 'Бионик(специалист в физике, математике, биологии, кибернетике: создает технические аналоги органических систем)', NULL, 6, '5.1', '3.4', '8.1', '4.2', '1.2', '3.1', '', NULL, 1100),
(92, 'Биотехнолог', NULL, 6, '5.1', '', '1.2', '4.2', '', '', '', NULL, 0),
(93, 'Биофизик', NULL, 6, '5.1', '3.4', '3.1', '', '', '', '', NULL, 0),
(94, 'Биохимик(знания микроорганизмов, ботаники и физиологии растений, медицинской и физиологической химии)', NULL, 6, '5.1', '3.4', '3.2', '1.2', '', '', '', NULL, 0),
(95, 'Географ', NULL, 6, '5.1', '3.4', '3.2', '1.1', '8.1', '', '', NULL, 1000),
(96, 'Геолог', NULL, 6, '', '3.4', '4.2', '1.1', '', '', '', NULL, 1100),
(97, 'Геофизик', NULL, 6, '5.1', '3.4', '1.1', '', '', '', '', NULL, 0),
(98, 'Зоолог', NULL, 6, '5.1', '4.4', '3.4', '1.2', '', '', '', NULL, 1000),
(99, 'Кинолог', NULL, 6, '', '4.4', '3.4', '3.3', '', '', '', NULL, 0),
(100, 'Математик-теоретик', NULL, 6, '5.1', '3.4', '3.2', '6.5', '3.5', '', '', NULL, 0),
(101, 'Микробиолог', NULL, 6, '5.1', '3.4', '1.1', '', '', '', '', NULL, 0),
(102, 'Прикладной математик', NULL, 6, '5.1', '3.4', '3.1', '7.5', '5.5', '4.1', '', NULL, 1100),
(103, 'МенеджерIT проекта', NULL, 6, '', '3.4', '4.1', '5.5', '3.1', '1.5', '', NULL, 1100),
(104, 'Программист БД', NULL, 6, '', '3.4', '6.1', '', '', '', '', NULL, 0),
(105, 'Программист концептуальный (архитектор проекта)', NULL, 6, '5.1', '3.4', '6.3', '3.1', '3.2', '2.3', '', NULL, 1110),
(106, 'Системный аналитик', NULL, 6, '5.1', '3.4', '6.3', '3.1', '3.2', '2.3', '', NULL, 1100),
(107, 'Программист разработчик ПО (developer)', NULL, 6, '5.1', '3.4', '', '', '', '', '', NULL, 0),
(108, 'Программисттестировщик', NULL, 6, '5.1', '3.4', '', '', '', '', '', NULL, 0),
(109, 'Программистразработчик игр', NULL, 6, '5.1', '3.4', '4.5', '2.3', '3.2', '', '', NULL, 0),
(110, 'SEO-специалист по продвижению сайта', NULL, 6, '', '3.4', '6.4', '', '', '', '', NULL, 0),
(111, 'Радиофизик', NULL, 6, '5.1', '3.4', '4.2', '', '', '', '', NULL, 0),
(112, 'Системныйадминистратор ВЦ', NULL, 6, '5.1', '3.4', '4.2', '2.4', '5.2', '', '', NULL, 1100),
(113, 'Системный программист', NULL, 6, '5.1', '3.4', '1.4', '3.2', '', '', '', NULL, 0),
(114, 'Физик-теоретик', NULL, 6, '5.1', '3.4', '3.1', '5.5', '3.2', '', '', NULL, 0),
(115, 'Физик-практик', NULL, 6, '5.1', '', '4.2', '1.3', '2.3', '', '', NULL, 0),
(116, 'Химик-теоретик', NULL, 6, '5.1', '3.4', '3.2', '3.1', '', '', '', NULL, 0),
(117, 'Химик-практик', NULL, 6, '5.1', '3.4', '1.3', '', '', '', '', NULL, 0),
(118, 'Эколог', NULL, 6, '5.1', '3.4', '7.1', '1.1', '4.4', '', '', NULL, 1000),
(119, 'Актёр театра и кино', NULL, 7, '6.5', '', '3.5', '3.3', '7.2', '2.5', '4.5', NULL, 0),
(120, 'Актёр театра кукол', NULL, 7, '6.5', '', '3.5', '7.4', '7.2', '2.5', '4.5', NULL, 1100),
(121, 'Аниматор(кинематографист, работающий в мультипликационном кино)', NULL, 7, '6.5', '7.5', '3.2', '2.3', '4.2', '', '', NULL, 0),
(122, 'Аранжировщик', NULL, 7, '', '7.5', '4.5', '1.4', '3.2', '', '', NULL, 0),
(123, 'Артист балета', NULL, 7, '6.5', '7.5', '1.4', '4.5', '3.3', '', '', NULL, 0),
(124, 'Артист оркестра (ансамбля)', NULL, 7, '6.5', '7.5', '6.4', '1.4', '', '', '', NULL, 0),
(125, 'Артист хора (ансамбля)', NULL, 7, '6.5', '7.5', '6.4', '1.4', '', '', '', NULL, 0),
(126, 'Артист цирка', NULL, 7, '6.5', '7.5', '1.4', '4.5', '', '', '', NULL, 0),
(127, 'Артист эстрады (певец)', NULL, 7, '6.5', '', '1.4', '4.5', '3.5', '2.5', '', NULL, 0),
(128, 'Артист эстрады (танцор)', NULL, 7, '6.5', '7.5', '1.4', '4.5', '', '', '', NULL, 0),
(129, 'Артист эстрады (разговорного жанра)', NULL, 7, '6.5', '7.5', '1.4', '4.5', '3.2', '3.3', '', NULL, 1100),
(130, 'Библиотекарь', NULL, 7, '6.5', '7.5', '3.2', '3.5', '2.5', '', '', NULL, 1100),
(131, 'Видеооператор', NULL, 7, '6.5', '7.5', '3.5', '6.4', '1.4', '', '', NULL, 1100),
(132, 'Визажист', NULL, 7, '6.5', '7.5', '2.3', '2.1', '1.2', '', '', NULL, 0),
(133, 'Декоратор', NULL, 7, '6.5', '', '2.2', '1.3', '', '', '', NULL, 0),
(134, 'Диджей', NULL, 7, '6.5', '', '3.2', '3.5', '', '', '', NULL, 1100),
(135, 'Дизайнер одежды', NULL, 7, '6.5', '7.5', '3.2', '2.3', '', '', '', NULL, 1000),
(136, 'Дизайнер рекламных агентств', NULL, 7, '6.5', '', '3.2', '2.3', '3.5', '5.3', '', NULL, 1100),
(137, 'Дирижер, концертмейстер', NULL, 7, '6.5', '7.5', '7.4', '6.4', '5.2', '5.4', '', NULL, 1111),
(138, 'Звукорежиссер', NULL, 7, '6.5', '7.5', '3.2', '1.3', '', '', '', NULL, 1000),
(139, 'Музейный работник', NULL, 7, '6.5', '', '4.1', '1.4', '', '', '', NULL, 0),
(140, 'Искусствовед (светский)', NULL, 7, '', '7.5', '3.5', '5.5', '3.1', '8.1', '', NULL, 1000),
(141, 'Киномеханик', NULL, 7, '6.5', '7.5', '1.3', '', '', '', '', NULL, 0),
(142, 'Композитор', NULL, 7, '6.5', '7.5', '4.5', '1.4', '3.2', '6.4', '', NULL, 0),
(143, 'Копирайтер(рекламирует или популяризирует товар, компанию, услугу…)', NULL, 7, '6.5', '7.5', '6.4', '2.5', '3.2', '8.1', '', NULL, 0),
(144, 'Отделочникизделий из древесины', NULL, 7, '6.5', '', '1.3', '1.1', '', '', '', NULL, 0),
(145, 'Специалист декоративно-прикладного искусства', NULL, 7, '6.5', '', '4.2', '1.4', '2.3', '3.5', '', NULL, 1100),
(146, 'Культуролог', NULL, 7, '6.5', '', '3.2', '3.5', '3.4', '4.1', '5.5', NULL, 1000),
(147, 'Сценарист', NULL, 7, '6.5', '7.5', '3.2', '3.5', '3.3', '7.4', '', NULL, 1000),
(148, 'Литературовед', NULL, 7, '6.5', '', '8.1', '3.5', '3.2', '5.5', '3.1', NULL, 0),
(149, 'Продюсер', NULL, 7, '6.5', '', '7.1', '2.4', '2.3', '4.5', '', NULL, 1101),
(150, 'Художник, скульптор', NULL, 7, '6.5', '7.5', '2.2', '1.3', '2.3', '', '', NULL, 0),
(151, 'Акушер', NULL, 8, '4.3', '1.2', '3.5', '', '', '', '', NULL, 1100),
(152, 'Анестезиолог', NULL, 8, '4.3', '', '3.4', '', '', '', '', NULL, 0),
(153, 'Врач-косметолог', NULL, 8, '4.3', '1.2', '6.5', '3.3', '', '', '', NULL, 1100),
(154, 'Врач-терапевт, врач скорой помощи, сельский фельдшер ', NULL, 8, '4.3', '1.2', '3.5', '3.3', '5.5', '', '', NULL, 1100),
(155, 'Врач окулист, офтальмолог, врач оптометрист', NULL, 8, '4.3', '1.2', '3.2', '', '', '', '', NULL, 1000),
(156, 'Врач диетолог', NULL, 8, '4.3', '', '4.4', '3.3', '', '', '', NULL, 1100),
(157, 'Врач-диагност', NULL, 8, '4.3', '1.2', '3.5', '3.4', '3.2', '', '', NULL, 1100),
(158, 'Врач ортопед(диагностика, лечение и профилактика заболеваний и деформаций опорно-двигательного аппарата)', NULL, 8, '4.3', '', '4.2', '5.1', '', '', '', NULL, 0),
(159, 'Ветеринарный врач', NULL, 8, '4.3', '1.2', '4.4', '5.1', '', '', '', NULL, 1100),
(160, 'Врач-геронтолог', NULL, 8, '4.3', '1.2', '3.5', '3.3', '7.3', '5.3', '', NULL, 1100),
(161, 'Врач-гастроэнтеролог.', NULL, 8, '4.3', '1.2', '3.5', '3.4', '', '', '', NULL, 0),
(162, 'Врач-гематолог', NULL, 8, '4.3', '1.2', '3.5', '4.1', '', '', '', NULL, 0),
(163, 'Гинеколог, уролог', NULL, 8, '4.3', '1.2', '3.5', '3.2', '', '', '', NULL, 0),
(164, 'Гигиенистстоматологический', NULL, 8, '4.3', '1.2', '3.5', '1.1', '', '', '', NULL, 1100),
(165, 'Зубной техник', NULL, 8, '4.3', '', '1.3', '', '', '', '', NULL, 0),
(166, 'Лаборант химического анализа', NULL, 8, '', '', '5.1', '3.2', '', '', '', NULL, 0),
(167, 'Мастер-оптик', NULL, 8, '4.3', '', '4.2', '', '', '', '', NULL, 0),
(168, 'Медсестра', NULL, 8, '4.3', '', '3.3', '2.2', '', '', '', NULL, 1000),
(169, 'Медицинский технолог(проектировщик медцентра)', NULL, 8, '', '1.2', '3.2', '2.3', '6.1', '4.2', '', NULL, 1111),
(170, 'Педиатр', NULL, 8, '4.3', '1.2', '1.4', '4.1', '3.5', '', '', NULL, 1000),
(171, 'Провизор(аптечный работник с высшим фармацевтическим образованием)', NULL, 8, '4.3', '', '3.4', '3.1', '5.1', '3.2', '1.1', NULL, 1100),
(172, 'Стоматолог, пародонтолог', NULL, 8, '4.3', '', '1.3', '', '', '', '', NULL, 0),
(173, 'Фармацевт(аптечный работник со среднеспециальным образованием)', NULL, 8, '4.3', '', '5.1', '3.2', '', '', '', NULL, 0),
(174, 'Фельдшер', NULL, 8, '4.3', '1.2', '3.5', '', '', '', '', NULL, 1100),
(175, 'Хирург', NULL, 8, '4.3', '1.2', '4.2', '3.2', '4.4', '', '', NULL, 1100),
(176, 'Геронтолог', NULL, 9, '4.1', '5.5', '4.3', '3.5', '3.3', '7.3', '', NULL, 1100),
(177, 'Девелопер(разработчик стратегии развития компании, предприятия)', NULL, 9, '4.1', '', '3.2', '3.5', '3.1', '4.2', '6.3', NULL, 1111),
(178, 'Демограф', NULL, 9, '4.1', '5.5', '3.2', '3.4', '6.5', '7.1', '', NULL, 1000),
(179, 'Планировщик социальной среды', NULL, 9, '4.1', '', '3.2', '2.3', '6.2', '7.5', '7.1', NULL, 1101),
(180, 'Историк, регионовед', NULL, 9, '4.1', '5.5', '3.2', '3.5', '3.4', '8.1', '', NULL, 1100),
(181, 'Лингвист', NULL, 9, '4.1', '', '3.2', '3.5', '3.4', '6.5', '3.1', NULL, 0),
(182, 'Палеонтолог', NULL, 9, '4.1', '5.5', '1.1', '3.4', '5.1', '3.2', '', NULL, 1100),
(183, 'Обществовед', NULL, 9, '4.1', '', '6.5', '3.5', '7.4', '6.1', '8.1', NULL, 0),
(184, 'Социолог', NULL, 9, '4.1', '5.5', '3.2', '3.5', '3.4', '5.3', '', NULL, 0),
(185, 'Социопсихолог', NULL, 9, '4.1', '', '3.5', '3.3', '7.2', '7.4', '8.1', NULL, 1110),
(186, 'Политолог', NULL, 9, '4.1', '', '5.4', '5.5', '3.4', '6.2', '3.5', NULL, 0),
(187, 'Этнограф', NULL, 9, '4.1', '5.5', '6.1', '7.4', '3.2', '', '', NULL, 100),
(188, 'Воспитатель детского сада', NULL, 10, '', '5.2', '4.3', '1.4', '2.1', '3.5', '', NULL, 1100),
(189, 'Логопед', NULL, 10, '3.1', '5.2', '4.3', '3.2', '3.5', '', '', NULL, 1000),
(190, 'Инструктор по фитнесу', NULL, 10, '', '5.2', '6.5', '', '', '', '', NULL, 1000),
(191, 'Преподаватель физики', NULL, 10, '3.1', '5.2', '5.5', '3.2', '3.5', '', '', NULL, 1100),
(192, 'Преподаватель химии', NULL, 10, '3.1', '5.2', '3.2', '3.4', '3.5', '', '', NULL, 0),
(193, 'Преподаватель биологии', NULL, 10, '3.1', '5.2', '1.1', '3.5', '1.2', '5.1', '', NULL, 1100),
(194, 'Преподаватель географии', NULL, 10, '3.1', '5.2', '1.1', '3.5', '6.5', '', '', NULL, 1100),
(195, 'Преподаватель математики', NULL, 10, '3.1', '5.2', '3.2', '6.5', '3.5', '5.1', '', NULL, 1100),
(196, 'Преподавательфизической культуры', NULL, 10, '3.1', '5.2', '1.3', '3.5', '', '', '', NULL, 1100),
(197, 'Преподаватель-филолог', NULL, 10, '3.1', '5.2', '6.5', '3.5', '7.3', '3.2', '', NULL, 1100),
(198, 'Преподаватель истории', NULL, 10, '3.1', '5.2', '3.5', '4.1', '7.4', '5.4', '', NULL, 1100),
(199, 'Преподаватель иностранных языков', NULL, 10, '', '5.2', '3.2', '2.1', '3.5', '2.5', '', NULL, 1100),
(200, 'Преподаватель психологии', NULL, 10, '3.1', '5.2', '3.5', '3.3', '5.4', '7.3', '', NULL, 1100),
(201, 'Психолог в школе', NULL, 10, '3.1', '', '3.5', '3.3', '5.4', '7.3', '2.4', NULL, 1100),
(202, 'Социальный педагог в школе', NULL, 10, '3.1', '5.2', '3.3', '5.4', '5.3', '', '', NULL, 1100),
(203, 'Учитель культуры, истории религии, этики и основ психологии', NULL, 10, '3.1', '5.2', '3.5', '5.4', '5.5', '7.4', '', NULL, 1100),
(204, 'Учитель начальных классов', NULL, 10, '', '5.2', '3.5', '3.3', '3.2', '1.4', '', NULL, 1100),
(205, 'УчительИЗО', NULL, 10, '', '5.2', '7.5', '1.4', '', '', '', NULL, 1100),
(206, 'Учитель музыки, танцев, ритмики и хореографии', NULL, 10, '', '5.2', '6.5', '7.5', '', '', '', NULL, 1100),
(207, 'Ведущий праздничных мероприятий (тамада)', NULL, NULL, '1.4', '4.5', '3.5', '6.5', '2.5', '6.4', '', NULL, 1110),
(208, 'Каскадер', NULL, NULL, '1.4', '', '1.3', '', '', '', '', NULL, 0),
(209, 'Методист отдела культуры и досуга', NULL, NULL, '1.4', '4.5', '5.2', '3.5', '6.4', '', '', NULL, 1110),
(210, 'Менеджер по туризму', NULL, NULL, '1.4', '4.5', '6.1', '5.3', '', '', '', NULL, 1100),
(211, 'Педагог-организатор кружкадекоративно-прикладного творчества', NULL, NULL, '1.4', '', '5.2', '4.2', '7.5', '3.2', '', NULL, 1100),
(212, 'Бармен', NULL, 12, '2.3', '2.2', '4.3', '', '', '', '', NULL, 0),
(213, 'Бортпроводник', NULL, 12, '2.3', '2.2', '4.3', '3.5', '', '', '', NULL, 1000),
(214, 'Метрдотель(координатор обслуживания посетителей ресторана или постояльцев отеля)', NULL, 12, '2.3', '2.2', '2.4', '2.5', '', '', '', NULL, 1000),
(215, 'Официант', NULL, 12, '2.3', '2.2', '4.3', '', '', '', '', NULL, 0),
(216, 'Парикмахер', NULL, 12, '2.3', '', '4.2', '6.5', '', '', '', NULL, 0),
(217, 'Нянечка детского сада', NULL, 12, '', '2.2', '4.4', '3.5', '1.2', '', '', NULL, 0),
(218, 'Продавец', NULL, 12, '2.3', '2.2', '4.3', '', '', '', '', NULL, 0),
(219, 'Проводник вагона поезда', NULL, 12, '2.3', '2.2', '4.3', '', '', '', '', NULL, 1000),
(220, 'Специалист по сервису на транспорте', NULL, 12, '2.3', '', '4.3', '6.5', '', '', '', NULL, 1000),
(221, 'СпециалистЖКХ (слесарь, электрик)', NULL, 12, '2.3', '2.2', '4.2', '', '', '', '', NULL, 0),
(222, 'Стилист', NULL, 12, '2.3', '2.2', '6.5', '', '', '', '', NULL, 100),
(223, 'Товаровед(специалист по качеству, поставкам и реализации товаров)', NULL, 12, '', '2.2', '4.3', '3.5', '', '', '', NULL, 1100),
(224, 'Тренинг-менеджер', NULL, 12, '2.3', '2.2', '4.3', '3.5', '4.5', '', '', NULL, 1100),
(225, 'Авиационный инженер (конструктор летательных аппаратов)', NULL, 13, '4.2', '5.3', '3.4', '5.1', '', '', '', NULL, 1100),
(226, 'Авиационный техник (специалист с техническим образованием по наземному обслуживанию авиационной техники — самолётов, вертолётов и т. д.)', NULL, 13, '4.2', '5.3', '6.3', '', '', '', '', NULL, 0),
(227, 'Автомеханик ', NULL, 13, '4.2', '5.3', '6.3', '', '', '', '', NULL, 0),
(228, 'Аппаратчик-оператор ', NULL, 13, '', '5.3', '6.3', '', '', '', '', NULL, 0),
(229, 'Бортинженер ', NULL, 13, '4.2', '5.3', '3.4', '6.3', '', '', '', NULL, 0),
(230, 'Горный инженер ', NULL, 13, '4.2', '5.3', '3.4', '6.3', '', '', '', NULL, 1100),
(231, 'Дегустатор ', NULL, 13, '4.2', '5.3', '2.3', '6.5', '', '', '', NULL, 0),
(232, 'Инженер бюро технической инвентаризации', NULL, 13, '4.2', '5.3', '3.5', '', '', '', '', NULL, 0),
(233, 'Инженер на предприятиях сервисного обслуживания медицинской техники', NULL, 13, '4.2', '5.3', '3.4', '3.5', '', '', '', NULL, 1100),
(234, 'Инженер по автоматизации и механизации производственных процессов', NULL, 13, '4.2', '5.3', '3.4', '6.3', '', '', '', NULL, 1100),
(235, 'Инженер по землеустройству', NULL, 13, '4.2', '5.3', '6.3', '1.1', '', '', '', NULL, 1100),
(236, 'Инженер по организации перевозок и управлению на транспорте', NULL, 13, '4.2', '5.3', '3.4', '6.3', '5.4', '', '', NULL, 1100),
(237, 'Инженер по охране труда', NULL, 13, '4.2', '5.3', '5.2', '3.2', '6.3', '', '', NULL, 100),
(238, 'Инженер связи', NULL, 13, '4.2', '5.3', '3.2', '3.4', '6.3', '', '', NULL, 1010),
(239, 'Инженер-испытатель', NULL, 13, '4.2', '5.3', '7.2', '3.2', '4.1', '', '', NULL, 1010),
(240, 'Инженер-технолог', NULL, 13, '4.2', '5.3', '3.2', '6.3', '', '', '', NULL, 0),
(241, 'Киномеханик', NULL, 13, '', '1.3', '', '', '', '', '', NULL, 0),
(242, 'Монтажник оборудования', NULL, 13, '4.2', '', '3.2', '1.3', '', '', '', NULL, 0),
(243, 'Монтажер телерадиовещательных компаний', NULL, 13, '4.2', '', '3.2', '1.3', '', '', '', NULL, 0),
(244, 'Технологдеревообрабатывающегопроизводства', NULL, 13, '4.2', '5.3', '3.2', '', '', '', '', NULL, 1000),
(245, 'Агент коммерческий', NULL, 14, '7.1', '1.5', '2.1', '4.3', '', '', '', NULL, 1000),
(246, 'Агент по сбыту энергии', NULL, 14, '7.1', '1.5', '2.1', '4.3', '', '', '', NULL, 1000),
(247, 'Агент рекламный', NULL, 14, '7.1', '1.5', '5.1', '4.3', '2.5', '2.1', '', NULL, 1000),
(248, 'Администратор предприятия торговли', NULL, 14, '7.1', '1.5', '3.5', '4.3', '8.1', '5.1', '', NULL, 1110),
(249, 'Аналитик экономический (бизнес)', NULL, 14, '7.1', '1.5', '2.1', '3.4', '5.5', '5.1', '', NULL, 0),
(250, 'Арт-директор', NULL, 14, '7.1', '', '2.1', '6.5', '4.3', '6.1', '', NULL, 1100),
(251, 'Аудитор', NULL, 14, '7.1', '1.5', '2.1', '3.4', '3.5', '3.2', '', NULL, 100),
(252, 'Банкир', NULL, 14, '7.1', '1.5', '2.1', '', '3.5', '3.2', '5.1', NULL, 1111),
(253, 'Банковский работник', NULL, 14, '7.1', '1.5', '2.1', '3.5', '3.2', '', '', NULL, 1100),
(254, 'Брокер', NULL, 14, '7.1', '1.5', '2.1', '3.4', '3.5', '', '', NULL, 1000),
(255, 'Букмекер', NULL, 14, '7.1', '1.5', '', '3.4', '3.5', '', '', NULL, 1000),
(256, 'Бухгалтер', NULL, 14, '7.1', '1.5', '3.4', '3.5', '3.2', '', '', NULL, 1000),
(257, 'Директор по маркетингу', NULL, 14, '7.1', '', '6.4', '3.5', '3.2', '5.1', '6.1', NULL, 1101),
(258, 'Калькулятор(экономист планового отдела)', NULL, 14, '7.1', '1.5', '3.4', '3.5', '3.2', '', '', NULL, 0),
(259, 'Кассир', NULL, 14, '7.1', '1.5', '3.5', '', '', '', '', NULL, 0),
(260, 'Кредитный консультант', NULL, 14, '7.1', '1.5', '2.5', '2.1', '', '', '', NULL, 0),
(261, 'Маклер', NULL, 14, '7.1', '1.5', '3.5', '2.5', '2.1', '', '', NULL, 100),
(262, 'Маркетолог(исследующий рынок: изучает, прогнозирует и формирует спрос на товары и услуги, определяет перспективы сбыта)', NULL, 14, '7.1', '1.5', '6.4', '3.5', '3.2', '2.1', '', NULL, 1000),
(263, 'Маркетолог отдела информационных технологий', NULL, 14, '7.1', '', '6.4', '3.5', '3.2', '5.1', '', NULL, 1000),
(264, 'Менеджер по PR', NULL, 14, '7.1', '1.5', '6.4', '3.5', '3.2', '2.1', '', NULL, 1110),
(265, 'Менеджер по R and D(исследование и развитие)', NULL, 14, '7.1', '1.5', '5.1', '3.4', '6.2', '', '5.4', NULL, 1111),
(266, 'Менеджер по закупкам', NULL, 14, '7.1', '1.5', '5.1', '2.5', '2.1', '', '', NULL, 1100),
(267, 'Менеджер по маркетингу', NULL, 14, '7.1', '1.5', '5.1', '2.5', '3.2', '6.1', '', NULL, 1111),
(268, 'Менеджер по оценкам рисков', NULL, 14, '7.1', '1.5', '5.1', '3.5', '3.4', '6.1', '', NULL, 0),
(269, 'Менеджер по продукту', NULL, 14, '7.1', '1.5', '3.4', '2.1', '', '', '', NULL, 1100),
(270, 'Менеджер по работе с таможней', NULL, 14, '7.1', '', '3.4', '2.1', '6.2', '', '', NULL, 1111),
(271, 'Менеджер по развитию территории', NULL, 14, '7.1', '1.5', '1.1', '5.1', '6.2', '3.4', '', NULL, 1101),
(272, 'Менеджер по внешнеэкономической деятельности', NULL, 14, '7.1', '', '5.1', '6.2', '3.4', '3.2', '', NULL, 1110),
(273, 'Медиа-байер(добиться от средств массовой информации минимальных расценок за рекламу).', NULL, 14, '7.1', '1.5', '5.1', '1.2', '3.5', '3.2', '', NULL, 1010),
(274, 'Медиапланер(специалист, осуществляющий стратегическое планирование рекламной кампании и ведение рекламной деятельности той или иной фирмы)', NULL, 14, '7.1', '1.5', '5.1', '6.2', '3.2', '3.4', '', NULL, 1110),
(275, 'Менеджер по продажам', NULL, 14, '7.1', '1.5', '3.4', '3.5', '', '', '', NULL, 1100),
(276, 'Менеджер по рекламе', NULL, 14, '7.1', '', '6.4', '3.3', '', '', '', NULL, 1100),
(277, 'Налоговый инспектор', NULL, 14, '7.1', '', '2.1', '3.4', '3.5', '', '', NULL, 0),
(278, 'Специалист отдела кредитования', NULL, 14, '7.1', '1.5', '3.5', '', '', '', '', NULL, 0),
(279, '', NULL, 14, '', '', '', '', '', '', '', NULL, 0),
(280, 'Адвокат', NULL, 15, '6.1', '2.4', '3.2', '2.1', '3.5', '', '', NULL, 0),
(281, 'Делопроизводитель (секретарь)', NULL, 15, '', '2.4', '', '3.2', '', '', '', NULL, 1000),
(282, 'Инспектор', NULL, 15, '6.1', '2.4', '3.2', '', '', '', '', NULL, 0),
(283, 'Нотариус', NULL, 15, '6.1', '2.4', '3.2', '3.5', '', '', '', NULL, 0),
(284, 'Полицейский', NULL, 15, '6.1', '2.4', '3.2', '', '', '', '', NULL, 1100),
(285, 'Правовед', NULL, 15, '6.1', '', '5.5', '3.4', '6.2', '3.5', '5.1', NULL, 0),
(286, 'Прокурор', NULL, 15, '6.1', '2.4', '3.2', '4.1', '5.1', '3.3', '', NULL, 1000),
(287, 'Следователь', NULL, 15, '6.1', '2.4', '3.2', '3.4', '3.4', '5.1', '', NULL, 1100),
(288, 'Специалист организационно-правовой защиты информации', NULL, 15, '6.1', '2.4', '3.2', '2.1', '3.4', '6.2', '6.4', NULL, 1100),
(289, 'Специалист отдела кадрового делопроизводства', NULL, 15, '6.1', '2.4', '3.2', '3.5', '', '', '', NULL, 1000),
(290, 'Судебный пристав', NULL, 15, '6.1', '2.4', '3.2', '', '', '', '', NULL, 0),
(291, 'Судебный эксперт', NULL, 15, '6.1', '2.4', '4.1', '4.2', '3.5', '', '', NULL, 0),
(292, 'Судья', NULL, 15, '6.1', '2.4', '4.1', '3.5', '3.3', '5.5', '', NULL, 1100),
(293, 'Частный детектив', NULL, 15, '6.1', '2.4', '4.1', '3.5', '2.1', '3.4', '', NULL, 1100),
(294, 'Юрисконсульт', NULL, 15, '', '2.4', '4.1', '3.5', '3.4', '3.2', '', NULL, 0),
(295, 'СпециалистМВД', NULL, 15, '6.1', '2.4', '3.2', '', '', '', '', NULL, 1000),
(296, 'Военнослужащий рядового состава', NULL, 15, '6.1', '2.4', '3.2', '', '', '', '', NULL, 0),
(297, 'Военнослужащий среднего командного звена', NULL, 15, '6.1', '2.4', '3.2', '3.3', '', '', '', NULL, 1100),
(298, 'Военнослужащий высшего командного состава', NULL, 15, '6.1', '2.4', '3.2', '3.3', '6.2', '', '', NULL, 1111),
(299, 'Служащий администрации района, области, республики высшего звена', NULL, 15, '6.1', '2.4', '3.2', '3.5', '2.1', '6.2', '', NULL, 1111),
(300, 'Служащий администрации района, области, республики среднего звена', NULL, 15, '6.1', '2.4', '3.2', '3.5', '2.1', '', '', NULL, 1000),
(301, 'Инспектор ГИБДД', NULL, 15, '6.1', '2.4', '3.2', '3.5', '', '', '', NULL, 1000),
(302, 'Трудовой инспектор (охрана труда)', NULL, 15, '6.1', '2.4', '5.2', '3.2', '', '', '', NULL, 100),
(303, 'Диспетчер', NULL, 16, '6.3', '1.3', '4.1', '', '', '', '', NULL, 1000),
(304, 'Дорожныйрабочий', NULL, 16, '6.3', '1.3', '', '', '', '', '', NULL, 0),
(305, 'Инструктор по вождению', NULL, 16, '6.3', '1.3', '3.2', '5.4', '', '', '', NULL, 100),
(306, 'Каменщик', NULL, 16, '6.3', '1.3', '', '', '', '', '', NULL, 0),
(307, 'Машинист (управление различного рода машинами): машинист поезда, летчик, водитель, экскаваторщик и т.д.', NULL, 16, '', '1.3', '3.2', '', '', '', '', NULL, 0),
(308, 'Медицинскийлабораторный техник', NULL, 16, '6.3', '1.3', '3.2', '', '', '', '', NULL, 0),
(309, 'Медицинский лаборант', NULL, 16, '', '1.3', '2.3', '', '', '', '', NULL, 0),
(310, 'Подсобный рабочий', NULL, 16, '6.3', '1.3', '', '', '', '', '', NULL, 0),
(311, 'Токарь, фрезеровщик', NULL, 16, '6.3', '1.3', '', '', '', '', '', NULL, 0),
(312, 'Слесарь-станочник', NULL, 16, '6.3', '1.3', '3.2', '', '', '', '', NULL, 0),
(313, 'Слесарь-ремонтник', NULL, 16, '6.3', '1.3', '3.2', '', '', '', '', NULL, 0),
(314, 'Крановщик', NULL, 16, '6.3', '1.3', '3.2', '', '', '', '', NULL, 0),
(315, 'Рабочий по наладке оборудования', NULL, 16, '6.3', '1.3', '3.2', '', '', '', '', NULL, 0),
(316, 'Грузчик', NULL, 16, '', '1.3', '', '', '', '', '', NULL, 0),
(317, 'Строитель-монтажник', NULL, 16, '6.3', '1.3', '4.2', '', '', '', '', NULL, 0),
(318, 'Бетонщик', NULL, 16, '', '1.3', '', '', '', '', '', NULL, 0),
(319, 'Электрик', NULL, 16, '', '1.3', '3.2', '', '', '', '', NULL, 0),
(320, 'Преподаватель политологии', NULL, 17, '5.4', '6.2', '5.2', '3.2', '3.5', '5.1', '', NULL, 0),
(321, 'Дипломат', NULL, 17, '5.4', '6.2', '6.1', '2.4', '4.1', '3.5', '', NULL, 1000),
(322, 'Имиджмейкер(личный психотерапевт и социальный дизайнер, который сотрудничает с целой командой профессионалов: модельерами, парикмахерами-стилистами, визажистами, фотографами, пиарщиками)', NULL, 17, '5.4', '6.2', '3.2', '2.3', '6.4', '1.4', '', NULL, 1100),
(323, 'Политик', NULL, 17, '5.4', '6.2', '6.1', '2.4', '7.4', '5.5', '', NULL, 1111),
(324, 'Преподаватель обществоведения', NULL, 18, '', '7.3', '5.2', '6.2', '5.1', '4.1', '5.5', NULL, 0),
(325, 'Преподаватель философии', NULL, 18, '8.1', '7.3', '5.2', '6.2', '5.1', '3.1', '5.5', NULL, 0),
(326, 'Писатель, поэт', NULL, 18, '8.1', '', '3.2', '3.3', '7.2', '3.5', '7.5', NULL, 1000);

-- --------------------------------------------------------

--
-- Структура таблицы `profile`
--

CREATE TABLE `profile` (
  `user_id` int(11) NOT NULL,
  `name` varchar(255) COLLATE utf8_unicode_ci DEFAULT NULL,
  `public_email` varchar(255) COLLATE utf8_unicode_ci DEFAULT NULL,
  `gravatar_email` varchar(255) COLLATE utf8_unicode_ci DEFAULT NULL,
  `gravatar_id` varchar(32) COLLATE utf8_unicode_ci DEFAULT NULL,
  `location` varchar(255) COLLATE utf8_unicode_ci DEFAULT NULL,
  `website` varchar(255) COLLATE utf8_unicode_ci DEFAULT NULL,
  `bio` text COLLATE utf8_unicode_ci,
  `timezone` varchar(40) COLLATE utf8_unicode_ci DEFAULT NULL
) ENGINE=InnoDB DEFAULT CHARSET=utf8 COLLATE=utf8_unicode_ci;

--
-- Дамп данных таблицы `profile`
--

INSERT INTO `profile` (`user_id`, `name`, `public_email`, `gravatar_email`, `gravatar_id`, `location`, `website`, `bio`, `timezone`) VALUES
(1, NULL, NULL, NULL, NULL, NULL, NULL, NULL, NULL),
(2, NULL, NULL, NULL, NULL, NULL, NULL, NULL, NULL),
(3, NULL, NULL, NULL, NULL, NULL, NULL, NULL, NULL),
(4, NULL, NULL, NULL, NULL, NULL, NULL, NULL, NULL);

-- --------------------------------------------------------

--
-- Структура таблицы `question`
--

CREATE TABLE `question` (
  `id` int(11) NOT NULL,
  `test_id` int(11) NOT NULL,
  `name` varchar(50) COLLATE utf8_unicode_ci NOT NULL,
  `url` varchar(255) COLLATE utf8_unicode_ci DEFAULT NULL,
  `text` text COLLATE utf8_unicode_ci
) ENGINE=MyISAM DEFAULT CHARSET=utf8 COLLATE=utf8_unicode_ci;

--
-- Дамп данных таблицы `question`
--

INSERT INTO `question` (`id`, `test_id`, `name`, `url`, `text`) VALUES
(1, 1, 'Красный', 'http://www.colorcombos.com/images/colors/FF0000.png', 'Как вы относитесь к красному?'),
(2, 1, 'Оранжевый', 'http://www.colorcombos.com/images/colors/FF6600.png', 'Как вы относитесь к оранжевому?'),
(3, 1, 'Желтый', 'http://www.colorcombos.com/images/colors/FFFF00.png', 'Как вы относитесь к желтому?'),
(4, 1, 'Зеленый', 'http://www.colorcombos.com/images/colors/0D540D.png', 'Как вы относитесь к зеленому?'),
(5, 1, 'Голубой', 'http://www.colorcombos.com/images/colors/3399FF.png', 'Как вы относитесь к голубому?'),
(17, 2, 'Слух', '', 'Какой у вас слух?'),
(18, 2, 'Обоняние', '', 'Какое у вас обоняние?'),
(19, 2, 'Осязание', '', 'Какое у вас осязание?'),
(20, 2, 'Вкус', '', 'Какой у вас вкус?'),
(21, 2, 'Зрение', '', 'Какое у вас зрение?'),
(22, 2, 'Самый сильный', '', 'Какой орган чувств у вас самый сильный?'),
(23, 2, 'Самый слабый', '', 'Какой орган чувств у вас самый слабый?'),
(6, 1, 'Синий', 'http://www.colorcombos.com/images/colors/000066.png', 'Как вы относитесь к синему?'),
(7, 1, 'Фиолетовый', 'http://www.colorcombos.com/images/colors/663399.png', 'Как вы относитесь к фиолетовому?'),
(8, 1, 'Черный', 'http://www.colorcombos.com/images/colors/000000.png', 'Как вы относитесь к черному?'),
(9, 1, 'Белый', 'http://www.colorcombos.com/images/colors/FFFFFF.png', 'Как вы относитесь к белому?'),
(10, 1, 'Коричневый', 'http://www.colorcombos.com/images/colors/663300.png', 'Как вы относитесь к коричневому?'),
(11, 1, 'Розовый', 'http://www.colorcombos.com/images/colors/FFBAD2.png', 'Как вы относитесь к розовому?'),
(12, 1, 'Серебристо-серый', 'http://www.colorcombos.com/images/colors/CCCCCC.png', 'Как вы относитесь к серебристо-серому?'),
(13, 1, 'Самый лучший', NULL, 'Какой цвет вам нравится больше всего?'),
(14, 1, 'Самый худший', NULL, 'Какой цвет вам нравится меньше всего?'),
(15, 1, 'Самый лучший', NULL, 'Какой цвет вам нравится больше всего?'),
(16, 1, 'Самый худший', NULL, 'Какой цвет вам нравится меньше всего?'),
(24, 3, 'Соленый', '', 'Как вы относитесь к соленому?'),
(25, 3, 'Острый', '', 'Как вы относитесь к острому?'),
(26, 3, 'Сладкий', '', 'Как вы относитесь к сладкому?'),
(27, 3, 'Горький', '', 'Как вы относитесь к горькому?'),
(28, 3, 'Кислый', '', 'Как вы относитесь к кислому?'),
(29, 3, 'Самый лучший', '', 'Какой вкус вам нравится больше всего?'),
(30, 3, 'Самый худший', '', 'Какой вкус вам нравится меньше всего?'),
(31, 4, 'Вода', '', 'Как вы относитесь к воде?'),
(32, 4, 'Металл(воздух)', '', 'Как вы относитесь к металлу(воздуху)?'),
(33, 4, 'Земля', '', 'Как вы относитесь к земле?'),
(34, 4, 'Огонь', '', 'Как вы относитесь к огню?'),
(35, 4, 'Дерево', '', 'Как вы относитесь к дереву?'),
(36, 4, 'Самый лучший', '', 'Какая стихия вам нравится больше всего?'),
(37, 4, 'Самый худший', '', 'Какая стихия вам нравится меньше всего?'),
(38, 5, 'Икосаэдр', 'http://school-37.ru/downloads/poly/uniform/convex/platonic/texture/icosahedron.jpg', 'Как вы относитесь к икосаэдру?'),
(39, 5, 'Октаэдр', 'http://school-37.ru/downloads/poly/uniform/convex/platonic/texture/octahedron.jpg', 'Как вы относитесь к октаэдру?'),
(40, 5, 'Гексаэдр', 'http://school-37.ru/downloads/poly/uniform/convex/platonic/texture/cube.jpg', 'Как вы относитесь к гексаэдру?'),
(41, 5, 'Тетраэдр', 'http://school-37.ru/downloads/poly/uniform/convex/platonic/texture/tetrahedron.jpg', 'Как вы относитесь к тетраэдру?'),
(42, 5, 'Додекаэдр', 'http://school-37.ru/downloads/poly/uniform/convex/platonic/texture/dodecahedron.jpg', 'Как вы относитесь к дереву?'),
(43, 5, 'Самый лучший', '', 'Какая фигура вам нравится больше всего?'),
(44, 5, 'Самый худший', '', 'Какая фигура вам нравится меньше всего?'),
(45, 6, 'Ориентирование', '', 'Как вам дается ориентирование?'),
(46, 6, 'Вера в дело', '', 'Как вам дается вера в дело?'),
(47, 6, 'Желание и переживание эмоций', '', 'Как вам дается желание и переживание эмоций?'),
(48, 6, 'Любовь и выстраивание взаимоотношений', '', 'Как вам дается любовь и выстраивание взаимоотношений?'),
(49, 6, 'Воспринимание и действие', '', 'Как вам дается воспринимание и действие?'),
(50, 6, 'Самое легкое', '', 'Что вам дается легче всего?'),
(51, 6, 'Самое тяжелое', '', 'Что вам дается тяжелее всего?'),
(52, 7, 'Жизнь', '', 'Как вам дается жизнь?'),
(53, 7, 'Общение', '', 'Как вам дается общение?'),
(54, 7, 'Думать', '', 'Как вам дается думать?'),
(55, 7, 'Вступаю в коллективные взаимодействия', '', 'Как вам дается вступать в коллективные взаимодействия?'),
(56, 7, 'Личностно развиваюсь', '', 'Как вам дается личностно развиваться?'),
(57, 7, 'Следую своим ценностным установкам', '', 'Как вам дается следовать своим ценностным установкам?'),
(58, 7, 'Одухотворяюсь (истиной, гармонией, красотой)', '', 'Как вам дается одухвотворение(истиной, гармонией, красотой)'),
(59, 7, 'Самое легкое', '', 'Что вам дается легче всего?'),
(60, 7, 'Самое тяжелое', '', 'Что вам дается тяжелее всего?'),
(141, 14, 'Triangle', 'test2.png', 'Сколько треугольников было использовано вами?'),
(140, 14, 'Rectangle', 'test2.png', 'Сколько прямоугольников было использовано вами?'),
(139, 14, 'Сircle', 'test2.png', 'Сколько кругов было использовано вами?'),
(138, 15, '12', 'test3-6.png', 'Второй пункт!'),
(137, 15, '11', 'test3-6.png', 'Первый пункт!'),
(136, 15, '10', 'test3-5.png', 'Второй пункт!'),
(135, 15, '9', 'test3-5.png', 'Первый пункт!'),
(134, 15, '8', 'test3-4.png', 'Второй пункт!'),
(133, 15, '7', 'test3-4.png', 'Первый пункт!'),
(132, 15, '6', 'test3-3.png', 'Второй пункт!'),
(131, 15, '5', 'test3-3.png', 'Первый пункт!'),
(130, 15, '4', 'test3-2.png', 'Второй пункт!'),
(129, 15, '3', 'test3-2.png', 'Первый пункт!'),
(128, 15, '2', 'test3-1.png', 'Второй пункт!'),
(127, 15, '1', 'test3-1.png', 'Первый пункт!'),
(126, 16, '8', 'test4-4.png', 'Второй пункт!'),
(125, 16, '7', 'test4-4.png', 'Первый пункт!'),
(124, 16, '6', 'test4-3.png', 'Второй пункт!'),
(123, 16, '5', 'test4-3.png', 'Первый пункт!'),
(122, 16, '4', 'test4-2.png', 'Второй пункт!'),
(121, 16, '3', 'test4-2.png', 'Первый пункт!'),
(120, 16, '2', 'test4-1.png', 'Второй пункт!'),
(119, 16, '1', 'test4-1.png', 'Первый пункт!'),
(118, 16, '12', 'test4-6.png', 'Второй пункт!'),
(117, 16, '11', 'test4-6.png', 'Первый пункт!'),
(116, 16, '10', 'test4-5.png', 'Второй пункт!'),
(115, 16, '9', 'test4-5.png', 'Первый пункт!');

-- --------------------------------------------------------

--
-- Структура таблицы `social_account`
--

CREATE TABLE `social_account` (
  `id` int(11) NOT NULL,
  `user_id` int(11) DEFAULT NULL,
  `provider` varchar(255) COLLATE utf8_unicode_ci NOT NULL,
  `client_id` varchar(255) COLLATE utf8_unicode_ci NOT NULL,
  `data` text COLLATE utf8_unicode_ci,
  `code` varchar(32) COLLATE utf8_unicode_ci DEFAULT NULL,
  `created_at` int(11) DEFAULT NULL,
  `email` varchar(255) COLLATE utf8_unicode_ci DEFAULT NULL,
  `username` varchar(255) COLLATE utf8_unicode_ci DEFAULT NULL
) ENGINE=InnoDB DEFAULT CHARSET=utf8 COLLATE=utf8_unicode_ci;

-- --------------------------------------------------------

--
-- Структура таблицы `test`
--

CREATE TABLE `test` (
  `id` int(11) NOT NULL,
  `name` varchar(50) COLLATE utf8_unicode_ci NOT NULL,
  `weight` float NOT NULL DEFAULT '0',
  `comment` text COLLATE utf8_unicode_ci
) ENGINE=MyISAM DEFAULT CHARSET=utf8 COLLATE=utf8_unicode_ci;

--
-- Дамп данных таблицы `test`
--

INSERT INTO `test` (`id`, `name`, `weight`, `comment`) VALUES
(1, 'colors', 1, 'Colors testing'),
(3, 'taste', 0.25, ''),
(2, 'sence', 1, ''),
(4, 'elements', 0.15, ''),
(5, 'platonicsolids', 0.5, ''),
(6, 'aspects', 1.5, ''),
(7, 'Activitylevels', 3, ''),
(16, 'Film_genre', 2, 'Выявление индивидуально-типологических различий предпочтения жанров фильмов.'),
(15, 'Temperament', 3, 'Прогноз темперамента на основании психологического теста.'),
(14, 'Man_from_shapes', 1, 'Выявление индивидуально-типологических различий на основе конструктивного рисунка человека из геометрических фигур.');

-- --------------------------------------------------------

--
-- Структура таблицы `testing`
--

CREATE TABLE `testing` (
  `id` int(11) NOT NULL,
  `name` varchar(45) NOT NULL,
  `description` varchar(250) DEFAULT NULL,
  `multipler` float NOT NULL,
  `directive` varchar(45) DEFAULT NULL,
  `test_data` text
) ENGINE=MyISAM DEFAULT CHARSET=latin1;

--
-- Дамп данных таблицы `testing`
--

INSERT INTO `testing` (`id`, `name`, `description`, `multipler`, `directive`, `test_data`) VALUES
(1, 'Antropometric', 'antropometric test', 1, NULL, NULL);

-- --------------------------------------------------------

--
-- Структура таблицы `token`
--

CREATE TABLE `token` (
  `user_id` int(11) NOT NULL,
  `code` varchar(32) COLLATE utf8_unicode_ci NOT NULL,
  `created_at` int(11) NOT NULL,
  `type` smallint(6) NOT NULL
) ENGINE=InnoDB DEFAULT CHARSET=utf8 COLLATE=utf8_unicode_ci;

-- --------------------------------------------------------

--
-- Структура таблицы `user`
--

CREATE TABLE `user` (
  `id` int(11) NOT NULL,
  `username` varchar(255) COLLATE utf8_unicode_ci NOT NULL,
  `email` varchar(255) COLLATE utf8_unicode_ci NOT NULL,
  `password_hash` varchar(60) COLLATE utf8_unicode_ci NOT NULL,
  `auth_key` varchar(32) COLLATE utf8_unicode_ci NOT NULL,
  `confirmed_at` int(11) DEFAULT NULL,
  `unconfirmed_email` varchar(255) COLLATE utf8_unicode_ci DEFAULT NULL,
  `blocked_at` int(11) DEFAULT NULL,
  `registration_ip` varchar(45) COLLATE utf8_unicode_ci DEFAULT NULL,
  `created_at` int(11) NOT NULL,
  `updated_at` int(11) NOT NULL,
  `flags` int(11) NOT NULL DEFAULT '0',
  `birthDate` date DEFAULT NULL
) ENGINE=InnoDB DEFAULT CHARSET=utf8 COLLATE=utf8_unicode_ci;

--
-- Дамп данных таблицы `user`
--

INSERT INTO `user` (`id`, `username`, `email`, `password_hash`, `auth_key`, `confirmed_at`, `unconfirmed_email`, `blocked_at`, `registration_ip`, `created_at`, `updated_at`, `flags`, `birthDate`) VALUES
(1, 'slepianok', 'slepianok@gmail.com', '$2y$10$CuNOMKsmvdTZO5AFkjsMQ./Oy/st.JotB348wfO1YivNvsAXnCvI.', 'MWaKZQ4noJjF8yN5W-ZGyTEb5ahOn_4r', 1512308979, NULL, NULL, '::1', 1512308979, 1512308979, 0, '1994-05-24'),
(2, '1111', 'slepianok@a.b', '$2y$10$kLNHDMu9VndGUzYTdAWSRuhg1lqgfqh/lqKFW8DABsSHcCwIQzJ7C', '67yThaH5IE3hPQp1-figM2KwIWMvb-j-', 1512312216, NULL, NULL, '::1', 1512312216, 1512312216, 0, NULL),
(3, '1112', '1@1.1', '$2y$10$tqiAb3oXGOxr9Z/rGJn4ZOX1vt/gqKvVnGDAROQzP7Kdh7SSEwTFS', 'o--QLGHRvte0xJabDAAJGUVNW4jTEbao', 1512312363, NULL, NULL, '::1', 1512312363, 1512312363, 0, NULL),
(4, '1113', '1@1.2', '$2y$10$YqubLHsoUZ9gtimO68CuaOCHlsSJHSmWYcZtWMXD4KwVSKo8O5L.W', 'boXq6--QMXwghEGMCRNJb32uzaJmfb4W', 1512312598, NULL, NULL, '::1', 1512312598, 1512312598, 0, NULL);

-- --------------------------------------------------------

--
-- Структура таблицы `user_info`
--

CREATE TABLE `user_info` (
  `id` int(11) NOT NULL,
  `name` varchar(45) COLLATE utf8_unicode_ci DEFAULT NULL,
  `birth_date` datetime NOT NULL
) ENGINE=InnoDB DEFAULT CHARSET=utf8 COLLATE=utf8_unicode_ci;

--
-- Дамп данных таблицы `user_info`
--

INSERT INTO `user_info` (`id`, `name`, `birth_date`) VALUES
(1, NULL, '1994-05-24 09:54:43'),
(2, NULL, '1994-05-24 09:55:03'),
(3, NULL, '1977-06-23 09:55:03'),
(4, NULL, '1994-05-06 15:35:34'),
(5, NULL, '1959-11-06 15:35:37'),
(6, NULL, '1958-09-19 15:35:37'),
(7, NULL, '1956-10-18 18:51:06'),
(8, NULL, '1930-02-17 18:51:09'),
(9, NULL, '1997-01-05 16:39:55'),
(10, NULL, '1969-09-01 16:40:00'),
(11, NULL, '1994-07-24 15:20:55'),
(12, NULL, '1969-03-07 15:20:58'),
(13, NULL, '1994-07-24 15:21:23'),
(14, NULL, '1994-07-24 15:27:53'),
(15, NULL, '1969-03-07 15:27:54'),
(16, NULL, '1973-08-16 15:27:54'),
(17, NULL, '1977-09-12 12:59:12'),
(18, NULL, '1977-09-12 12:59:18'),
(19, NULL, '1977-09-12 13:16:02'),
(20, NULL, '1947-10-26 13:16:02'),
(21, NULL, '1977-09-12 13:17:42'),
(22, NULL, '1941-09-20 13:17:42'),
(23, NULL, '1947-10-26 13:17:42'),
(24, NULL, '1998-06-14 13:10:17'),
(25, NULL, '1964-06-14 13:12:25'),
(26, NULL, '1998-06-14 13:16:52'),
(27, NULL, '1964-06-14 13:16:52'),
(28, NULL, '1998-06-04 13:18:50'),
(29, NULL, '1962-06-15 13:21:18'),
(30, NULL, '1998-06-04 13:25:00'),
(31, NULL, '1967-03-20 13:25:00'),
(32, NULL, '1962-06-15 13:25:00'),
(33, NULL, '1997-09-30 13:26:52'),
(34, NULL, '1997-09-30 13:28:34'),
(35, NULL, '1973-02-14 13:28:34'),
(36, NULL, '1997-01-05 13:39:25'),
(37, NULL, '1997-01-05 13:41:12'),
(38, NULL, '1997-01-05 13:42:25'),
(39, NULL, '1987-06-09 09:57:09'),
(40, NULL, '1987-06-09 10:08:35'),
(41, NULL, '1953-11-07 10:08:35'),
(42, NULL, '1977-09-12 10:36:12'),
(43, NULL, '1979-10-12 11:00:32'),
(44, NULL, '2013-02-08 11:04:11'),
(45, NULL, '2013-02-08 11:08:07'),
(46, NULL, '1979-10-12 11:08:10'),
(47, NULL, '2013-02-08 11:09:15'),
(48, NULL, '1977-09-12 11:09:15'),
(49, NULL, '2013-02-08 11:11:57'),
(50, NULL, '1979-10-12 11:12:02'),
(51, NULL, '1994-04-19 09:08:15'),
(52, NULL, '1960-11-04 09:08:17'),
(53, NULL, '1966-05-25 09:08:19'),
(54, NULL, '1990-11-01 09:08:19'),
(55, NULL, '1993-05-24 09:10:34'),
(56, NULL, '1994-05-24 09:10:48'),
(57, NULL, '1994-04-19 09:11:10'),
(58, NULL, '1994-04-19 09:11:14'),
(59, NULL, '1994-05-24 09:11:13'),
(60, NULL, '1994-05-24 09:13:23'),
(61, NULL, '1974-06-23 09:13:25'),
(62, NULL, '1977-11-17 09:13:26'),
(63, NULL, '1994-04-19 09:18:27'),
(64, NULL, '1964-11-04 09:18:28'),
(65, NULL, '1966-05-25 09:18:31'),
(66, NULL, '1984-08-16 07:51:18'),
(67, NULL, '1984-08-16 07:59:12'),
(68, NULL, '0051-02-26 07:59:12'),
(69, NULL, '1984-08-16 08:01:08'),
(70, NULL, '1939-02-09 08:01:08'),
(71, NULL, '1984-08-16 08:03:27'),
(72, NULL, '1951-02-26 08:03:27'),
(73, NULL, '1939-02-09 08:03:27'),
(74, NULL, '1984-08-16 08:06:46'),
(75, NULL, '1951-02-26 08:06:46'),
(76, NULL, '1984-08-16 10:42:16'),
(77, NULL, '1984-08-16 10:44:32'),
(78, NULL, '1951-02-26 10:44:32'),
(79, NULL, '1949-02-09 10:44:32'),
(80, NULL, '1997-05-08 09:59:43'),
(81, NULL, '1997-05-08 10:12:53'),
(82, NULL, '1974-01-07 10:12:53'),
(83, NULL, '1971-01-14 10:12:53'),
(84, NULL, '1997-05-08 10:17:58'),
(85, NULL, '1974-01-07 10:17:58'),
(86, NULL, '1971-01-14 10:17:58'),
(87, NULL, '1952-12-05 10:17:58'),
(88, NULL, '1952-05-07 10:17:58'),
(89, NULL, '1994-05-24 07:12:05'),
(90, NULL, '1994-05-24 08:44:34'),
(91, NULL, '1996-04-04 08:52:22'),
(92, NULL, '1994-05-24 08:54:24'),
(93, NULL, '1994-05-24 09:07:10'),
(94, NULL, '1994-05-24 15:21:39'),
(95, NULL, '1994-05-24 09:30:55'),
(96, NULL, '1994-05-24 09:31:19'),
(97, NULL, '1974-06-23 09:31:19'),
(98, NULL, '1977-11-17 09:31:20'),
(99, NULL, '1994-05-24 09:37:16'),
(100, NULL, '1974-06-23 09:37:16'),
(101, NULL, '1977-11-17 09:37:16'),
(102, NULL, '1994-05-24 09:42:45'),
(103, NULL, '1974-06-23 09:42:45'),
(104, NULL, '1977-11-17 09:42:45'),
(105, NULL, '1994-05-24 09:44:05'),
(106, NULL, '1974-06-23 09:44:05'),
(107, NULL, '1977-11-17 09:44:05'),
(108, NULL, '1994-05-24 09:44:09'),
(109, NULL, '1994-05-24 09:45:26'),
(110, NULL, '1994-05-24 09:46:02'),
(111, NULL, '1994-05-24 09:46:48'),
(112, NULL, '1994-05-24 09:48:24'),
(113, NULL, '1994-05-24 09:49:40'),
(114, NULL, '1994-05-24 09:50:07'),
(115, NULL, '1994-05-24 09:51:15'),
(116, NULL, '1994-05-24 09:56:09'),
(117, NULL, '1994-05-24 09:56:27'),
(118, NULL, '1994-05-24 09:57:15'),
(119, NULL, '1994-05-24 09:58:07'),
(120, NULL, '1994-05-24 09:58:47'),
(121, NULL, '1994-05-24 10:01:37'),
(122, NULL, '1994-05-24 10:02:40'),
(123, NULL, '1994-05-24 10:04:27'),
(124, NULL, '1994-05-24 10:07:03'),
(125, NULL, '1994-05-24 10:09:05'),
(126, NULL, '1994-05-24 10:10:26'),
(127, NULL, '1994-05-24 10:12:28'),
(128, NULL, '1994-05-24 12:03:23'),
(129, NULL, '1994-05-24 12:03:52'),
(130, NULL, '1994-05-24 12:04:28'),
(131, NULL, '1994-05-24 12:04:45'),
(132, NULL, '1994-05-24 12:49:12'),
(133, NULL, '1994-05-24 12:54:15'),
(134, NULL, '1994-05-24 12:55:00'),
(135, NULL, '1994-05-24 12:56:39'),
(136, NULL, '1994-05-24 12:56:56'),
(137, NULL, '1994-05-24 12:57:15'),
(138, NULL, '1994-05-24 12:47:38'),
(139, NULL, '1994-05-24 13:03:45'),
(140, NULL, '1994-05-24 13:40:58'),
(141, NULL, '1994-05-24 13:42:27'),
(142, NULL, '1994-05-24 13:42:52'),
(143, NULL, '1994-05-24 13:43:56'),
(144, NULL, '1994-05-24 13:44:04'),
(145, NULL, '1994-05-24 13:52:55'),
(146, NULL, '1994-05-24 13:53:26'),
(147, NULL, '1994-05-24 13:54:16'),
(148, NULL, '1994-05-24 14:52:54'),
(149, NULL, '1994-05-24 11:33:05'),
(150, NULL, '1994-05-24 12:18:04'),
(151, NULL, '1974-06-23 12:18:04'),
(152, NULL, '1977-11-17 12:18:04'),
(153, NULL, '1994-05-24 14:02:33'),
(154, NULL, '1994-05-24 14:07:58');

-- --------------------------------------------------------

--
-- Структура таблицы `user_relation`
--

CREATE TABLE `user_relation` (
  `id` int(11) NOT NULL,
  `name` varchar(50) COLLATE utf8_unicode_ci NOT NULL,
  `level` smallint(3) DEFAULT NULL
) ENGINE=InnoDB DEFAULT CHARSET=utf8 COLLATE=utf8_unicode_ci;

--
-- Дамп данных таблицы `user_relation`
--

INSERT INTO `user_relation` (`id`, `name`, `level`) VALUES
(1, 'Мама', 1),
(2, 'Мачеха', 1),
(3, 'Папа', 1),
(4, 'Отчим', 1),
(5, 'Брат', 2),
(6, 'Сестра', 2),
(7, 'Бабушка', 2),
(8, 'Дедушка', 2),
(9, 'Дядя', 2),
(10, 'Тетя', 2),
(11, 'Сын', 2),
(12, 'Дочь', 2);

-- --------------------------------------------------------

--
-- Структура таблицы `user_to_activity`
--

CREATE TABLE `user_to_activity` (
  `user_id` int(11) NOT NULL,
  `activity_id` int(11) NOT NULL,
  `date` datetime DEFAULT NULL,
  `additional` text COLLATE utf8_unicode_ci,
  `weight` float DEFAULT NULL
) ENGINE=InnoDB DEFAULT CHARSET=utf8 COLLATE=utf8_unicode_ci;

-- --------------------------------------------------------

--
-- Структура таблицы `user_to_test`
--

CREATE TABLE `user_to_test` (
  `id` int(11) NOT NULL,
  `user_id` int(11) NOT NULL,
  `test_id` int(11) NOT NULL,
  `date` datetime NOT NULL,
  `url` varchar(250) COLLATE utf8_unicode_ci DEFAULT NULL,
  `answers` text COLLATE utf8_unicode_ci
) ENGINE=MyISAM DEFAULT CHARSET=utf8 COLLATE=utf8_unicode_ci;

-- --------------------------------------------------------

--
-- Структура таблицы `user_to_testing`
--

CREATE TABLE `user_to_testing` (
  `id` int(11) NOT NULL,
  `user_id` int(11) NOT NULL,
  `testing_id` int(11) NOT NULL,
  `raw_results` text,
  `calculated_results` text,
  `date` datetime NOT NULL DEFAULT CURRENT_TIMESTAMP
) ENGINE=MyISAM DEFAULT CHARSET=latin1;

--
-- Дамп данных таблицы `user_to_testing`
--

INSERT INTO `user_to_testing` (`id`, `user_id`, `testing_id`, `raw_results`, `calculated_results`, `date`) VALUES
(1, 1, 6, '{"45":161,"46":166,"47":169,"48":172,"49":175,"50":176,"51":181}', '{"1.1":0.572,"1.2":-0.143,"1.3":-0.572,"1.4":-0.143,"1.5":-0.143,"2.1":0.572,"2.2":-0.143,"2.3":-0.572,"2.4":-0.143,"2.5":-0.143,"3.1":0.572,"3.2":-0.143,"3.3":-0.572,"3.4":-0.143,"3.5":-0.143,"4.1":0.572,"4.2":-0.143,"4.3":-0.572,"4.4":-0.143,"4.5":-0.143,"5.1":0.572,"5.2":-0.143,"5.3":-0.572,"5.4":-0.143,"5.5":-0.143,"6.1":0.572,"6.2":-0.143,"6.3":-0.572,"6.4":-0.143,"6.5":-0.143,"7.1":0.572,"7.2":-0.143,"7.3":-0.572,"7.4":-0.143,"7.5":-0.143,"8.1":0}', '2017-06-18 17:24:17'),
(2, 1, 1, '{"1":1,"2":5,"3":8,"4":10,"5":13,"6":17,"7":21,"8":23,"9":25,"10":29,"11":32,"12":35,"13":37,"14":45,"15":54,"16":60}', '{"1.1":0.8,"1.2":0.943,"1.3":0.8,"1.4":1.229,"1.5":0.371,"2.1":-0.6,"2.2":-0.457,"2.3":-0.6,"2.4":-0.171,"2.5":-0.429,"3.1":0,"3.2":0.143,"3.3":0,"3.4":0.429,"3.5":-0.429,"4.1":0.2,"4.2":0.343,"4.3":0.2,"4.4":0.629,"4.5":-0.229,"5.1":0.2,"5.2":0.343,"5.3":0.2,"5.4":0.629,"5.5":-0.829,"6.1":0.2,"6.2":0.343,"6.3":0.2,"6.4":0.629,"6.5":-0.229,"7.1":-0.2,"7.2":-0.057,"7.3":-0.2,"7.4":0.229,"7.5":-0.629,"8.1":0}', '2017-11-19 13:13:41'),
(3, 1, 3, '{"24":86,"25":90,"26":92,"27":97,"28":98,"29":101,"30":107}', '{"1.1":0.572,"1.2":0,"1.3":0.143,"1.4":-0.572,"1.5":0.143,"2.1":0.572,"2.2":0,"2.3":0.143,"2.4":-0.572,"2.5":0.143,"3.1":0.572,"3.2":0,"3.3":0.143,"3.4":-0.572,"3.5":0.143,"4.1":0.572,"4.2":0,"4.3":0.143,"4.4":-0.572,"4.5":0.143,"5.1":0.572,"5.2":0,"5.3":0.143,"5.4":-0.572,"5.5":0.143,"6.1":0.572,"6.2":0,"6.3":0.143,"6.4":-0.572,"6.5":0.143,"7.1":0.572,"7.2":0,"7.3":0.143,"7.4":-0.572,"7.5":0.143,"8.1":0}', '2017-11-19 15:09:09'),
(4, 150, 1, '{"1":2,"2":4,"3":9,"4":10,"5":13,"6":16,"7":20,"8":22,"9":26,"10":30,"11":33,"12":34,"13":38,"14":50,"15":51,"16":59}', '{"1.1":0.572,"1.2":0,"1.3":-0.143,"1.4":-0.572,"1.5":0.143,"2.1":1.172,"2.2":0.6,"2.3":0.457,"2.4":0.028,"2.5":0.143,"3.1":0.572,"3.2":0,"3.3":-0.143,"3.4":-0.572,"3.5":0.143,"4.1":0.972,"4.2":0.4,"4.3":0.257,"4.4":-0.172,"4.5":0.543,"5.1":0.572,"5.2":0,"5.3":-0.143,"5.4":-0.572,"5.5":0.743,"6.1":0.772,"6.2":0.2,"6.3":0.057,"6.4":-0.372,"6.5":0.343,"7.1":-0.028,"7.2":-0.6,"7.3":-0.743,"7.4":-1.172,"7.5":-0.457,"8.1":0}', '2017-12-09 15:51:17'),
(5, 150, 2, '{"17":63,"18":65,"19":67,"20":70,"21":74,"22":78,"23":82}', '{"1.1":-0.143,"1.2":-0.429,"1.3":0.572,"1.4":0.143,"1.5":0,"2.1":-0.143,"2.2":-0.429,"2.3":0.572,"2.4":0.143,"2.5":0,"3.1":-0.143,"3.2":-0.429,"3.3":0.572,"3.4":0.143,"3.5":0,"4.1":-0.143,"4.2":-0.429,"4.3":0.572,"4.4":0.143,"4.5":0,"5.1":-0.143,"5.2":-0.429,"5.3":0.572,"5.4":0.143,"5.5":0,"6.1":-0.143,"6.2":-0.429,"6.3":0.572,"6.4":0.143,"6.5":0,"7.1":-0.143,"7.2":-0.429,"7.3":0.572,"7.4":0.143,"7.5":0,"8.1":0}', '2017-12-09 15:53:18'),
(6, 150, 4, '{"31":111,"32":114,"33":118,"34":120,"35":123,"36":127,"37":133}', '{"1.1":0.143,"1.2":0.572,"1.3":0,"1.4":-0.286,"1.5":0.143,"2.1":0.143,"2.2":0.572,"2.3":0,"2.4":-0.286,"2.5":0.143,"3.1":0.143,"3.2":0.572,"3.3":0,"3.4":-0.286,"3.5":0.143,"4.1":0.143,"4.2":0.572,"4.3":0,"4.4":-0.286,"4.5":0.143,"5.1":0.143,"5.2":0.572,"5.3":0,"5.4":-0.286,"5.5":0.143,"6.1":0.143,"6.2":0.572,"6.3":0,"6.4":-0.286,"6.5":0.143,"7.1":0.143,"7.2":0.572,"7.3":0,"7.4":-0.286,"7.5":0.143,"8.1":0}', '2017-12-09 15:54:06'),
(7, 150, 6, '{"45":162,"46":166,"47":167,"48":170,"49":173,"50":179,"51":182}', '{"1.1":0,"1.2":0.286,"1.3":0.143,"1.4":-0.286,"1.5":0.143,"2.1":0,"2.2":0.286,"2.3":0.143,"2.4":-0.286,"2.5":0.143,"3.1":0,"3.2":0.286,"3.3":0.143,"3.4":-0.286,"3.5":0.143,"4.1":0,"4.2":0.286,"4.3":0.143,"4.4":-0.286,"4.5":0.143,"5.1":0,"5.2":0.286,"5.3":0.143,"5.4":-0.286,"5.5":0.143,"6.1":0,"6.2":0.286,"6.3":0.143,"6.4":-0.286,"6.5":0.143,"7.1":0,"7.2":0.286,"7.3":0.143,"7.4":-0.286,"7.5":0.143,"8.1":0}', '2017-12-09 15:55:06');

-- --------------------------------------------------------

--
-- Структура таблицы `user_to_user`
--

CREATE TABLE `user_to_user` (
  `user_id` int(11) NOT NULL,
  `user_related_id` int(11) NOT NULL,
  `relation_id` int(11) NOT NULL
) ENGINE=InnoDB DEFAULT CHARSET=utf8 COLLATE=utf8_unicode_ci;

--
-- Дамп данных таблицы `user_to_user`
--

INSERT INTO `user_to_user` (`user_id`, `user_related_id`, `relation_id`) VALUES
(2, 3, 1),
(4, 5, 1),
(7, 8, 1),
(9, 10, 1),
(11, 12, 1),
(14, 15, 1),
(14, 16, 1),
(19, 20, 1),
(26, 27, 1),
(30, 31, 1),
(34, 35, 1),
(40, 41, 1),
(45, 46, 1),
(49, 50, 1),
(51, 52, 1),
(60, 61, 1),
(63, 64, 1),
(67, 68, 1),
(71, 72, 1),
(74, 75, 1),
(77, 78, 1),
(81, 82, 1),
(84, 85, 1),
(96, 97, 1),
(99, 100, 1),
(102, 103, 1),
(105, 106, 1),
(150, 151, 1),
(4, 6, 3),
(21, 22, 3),
(21, 23, 3),
(30, 32, 3),
(47, 48, 3),
(51, 53, 3),
(60, 62, 3),
(63, 65, 3),
(69, 70, 3),
(71, 73, 3),
(77, 79, 3),
(81, 83, 3),
(84, 86, 3),
(84, 87, 3),
(96, 98, 3),
(99, 101, 3),
(102, 104, 3),
(105, 107, 3),
(150, 152, 3),
(51, 54, 6),
(84, 88, 7);

--
-- Индексы сохранённых таблиц
--

--
-- Индексы таблицы `activity_type`
--
ALTER TABLE `activity_type`
  ADD PRIMARY KEY (`id`);

--
-- Индексы таблицы `answer`
--
ALTER TABLE `answer`
  ADD PRIMARY KEY (`id`),
  ADD KEY `question_id` (`question_id`);

--
-- Индексы таблицы `migration`
--
ALTER TABLE `migration`
  ADD PRIMARY KEY (`version`);

--
-- Индексы таблицы `profession`
--
ALTER TABLE `profession`
  ADD PRIMARY KEY (`id`),
  ADD KEY `fk_profession_1_idx` (`specialityId`);

--
-- Индексы таблицы `profile`
--
ALTER TABLE `profile`
  ADD PRIMARY KEY (`user_id`);

--
-- Индексы таблицы `question`
--
ALTER TABLE `question`
  ADD PRIMARY KEY (`id`),
  ADD KEY `test_id` (`test_id`);

--
-- Индексы таблицы `social_account`
--
ALTER TABLE `social_account`
  ADD PRIMARY KEY (`id`),
  ADD UNIQUE KEY `account_unique` (`provider`,`client_id`),
  ADD UNIQUE KEY `account_unique_code` (`code`),
  ADD KEY `fk_user_account` (`user_id`);

--
-- Индексы таблицы `test`
--
ALTER TABLE `test`
  ADD PRIMARY KEY (`id`);

--
-- Индексы таблицы `testing`
--
ALTER TABLE `testing`
  ADD PRIMARY KEY (`id`);

--
-- Индексы таблицы `token`
--
ALTER TABLE `token`
  ADD UNIQUE KEY `token_unique` (`user_id`,`code`,`type`);

--
-- Индексы таблицы `user`
--
ALTER TABLE `user`
  ADD PRIMARY KEY (`id`),
  ADD UNIQUE KEY `user_unique_email` (`email`),
  ADD UNIQUE KEY `user_unique_username` (`username`);

--
-- Индексы таблицы `user_info`
--
ALTER TABLE `user_info`
  ADD PRIMARY KEY (`id`);

--
-- Индексы таблицы `user_relation`
--
ALTER TABLE `user_relation`
  ADD PRIMARY KEY (`id`);

--
-- Индексы таблицы `user_to_activity`
--
ALTER TABLE `user_to_activity`
  ADD PRIMARY KEY (`user_id`,`activity_id`),
  ADD KEY `fk_user_to_activity_2_idx` (`activity_id`);

--
-- Индексы таблицы `user_to_test`
--
ALTER TABLE `user_to_test`
  ADD PRIMARY KEY (`id`),
  ADD KEY `user_id` (`user_id`),
  ADD KEY `test_id` (`test_id`);

--
-- Индексы таблицы `user_to_testing`
--
ALTER TABLE `user_to_testing`
  ADD PRIMARY KEY (`id`),
  ADD KEY `FK_u2t_1_idx` (`testing_id`);

--
-- Индексы таблицы `user_to_user`
--
ALTER TABLE `user_to_user`
  ADD PRIMARY KEY (`user_id`,`user_related_id`),
  ADD KEY `fk_user_to_user_2_idx` (`user_related_id`),
  ADD KEY `fk_user_to_user_3_idx` (`relation_id`);

--
-- AUTO_INCREMENT для сохранённых таблиц
--

--
-- AUTO_INCREMENT для таблицы `activity_type`
--
ALTER TABLE `activity_type`
  MODIFY `id` int(11) NOT NULL AUTO_INCREMENT, AUTO_INCREMENT=19;
--
-- AUTO_INCREMENT для таблицы `answer`
--
ALTER TABLE `answer`
  MODIFY `id` int(11) NOT NULL AUTO_INCREMENT, AUTO_INCREMENT=506;
--
-- AUTO_INCREMENT для таблицы `profession`
--
ALTER TABLE `profession`
  MODIFY `id` int(11) NOT NULL AUTO_INCREMENT, AUTO_INCREMENT=327;
--
-- AUTO_INCREMENT для таблицы `question`
--
ALTER TABLE `question`
  MODIFY `id` int(11) NOT NULL AUTO_INCREMENT, AUTO_INCREMENT=142;
--
-- AUTO_INCREMENT для таблицы `social_account`
--
ALTER TABLE `social_account`
  MODIFY `id` int(11) NOT NULL AUTO_INCREMENT;
--
-- AUTO_INCREMENT для таблицы `test`
--
ALTER TABLE `test`
  MODIFY `id` int(11) NOT NULL AUTO_INCREMENT, AUTO_INCREMENT=17;
--
-- AUTO_INCREMENT для таблицы `testing`
--
ALTER TABLE `testing`
  MODIFY `id` int(11) NOT NULL AUTO_INCREMENT, AUTO_INCREMENT=2;
--
-- AUTO_INCREMENT для таблицы `user`
--
ALTER TABLE `user`
  MODIFY `id` int(11) NOT NULL AUTO_INCREMENT, AUTO_INCREMENT=5;
--
-- AUTO_INCREMENT для таблицы `user_info`
--
ALTER TABLE `user_info`
  MODIFY `id` int(11) NOT NULL AUTO_INCREMENT, AUTO_INCREMENT=155;
--
-- AUTO_INCREMENT для таблицы `user_relation`
--
ALTER TABLE `user_relation`
  MODIFY `id` int(11) NOT NULL AUTO_INCREMENT, AUTO_INCREMENT=13;
--
-- AUTO_INCREMENT для таблицы `user_to_test`
--
ALTER TABLE `user_to_test`
  MODIFY `id` int(11) NOT NULL AUTO_INCREMENT;
--
-- AUTO_INCREMENT для таблицы `user_to_testing`
--
ALTER TABLE `user_to_testing`
  MODIFY `id` int(11) NOT NULL AUTO_INCREMENT, AUTO_INCREMENT=8;
--
-- Ограничения внешнего ключа сохраненных таблиц
--

--
-- Ограничения внешнего ключа таблицы `profession`
--
ALTER TABLE `profession`
  ADD CONSTRAINT `fk_profession_1` FOREIGN KEY (`specialityId`) REFERENCES `activity_type` (`id`) ON DELETE NO ACTION ON UPDATE NO ACTION;

--
-- Ограничения внешнего ключа таблицы `profile`
--
ALTER TABLE `profile`
  ADD CONSTRAINT `fk_user_profile` FOREIGN KEY (`user_id`) REFERENCES `user` (`id`) ON DELETE CASCADE;

--
-- Ограничения внешнего ключа таблицы `social_account`
--
ALTER TABLE `social_account`
  ADD CONSTRAINT `fk_user_account` FOREIGN KEY (`user_id`) REFERENCES `user` (`id`) ON DELETE CASCADE;

--
-- Ограничения внешнего ключа таблицы `token`
--
ALTER TABLE `token`
  ADD CONSTRAINT `fk_user_token` FOREIGN KEY (`user_id`) REFERENCES `user` (`id`) ON DELETE CASCADE;

--
-- Ограничения внешнего ключа таблицы `user_to_activity`
--
ALTER TABLE `user_to_activity`
  ADD CONSTRAINT `fk_user_to_activity_1` FOREIGN KEY (`user_id`) REFERENCES `user_info` (`id`) ON DELETE NO ACTION ON UPDATE NO ACTION,
  ADD CONSTRAINT `fk_user_to_activity_2` FOREIGN KEY (`activity_id`) REFERENCES `activity_type` (`id`) ON DELETE NO ACTION ON UPDATE NO ACTION;

--
-- Ограничения внешнего ключа таблицы `user_to_user`
--
ALTER TABLE `user_to_user`
  ADD CONSTRAINT `fk_user_to_user_1` FOREIGN KEY (`user_id`) REFERENCES `user_info` (`id`) ON DELETE NO ACTION ON UPDATE NO ACTION,
  ADD CONSTRAINT `fk_user_to_user_2` FOREIGN KEY (`user_related_id`) REFERENCES `user_info` (`id`) ON DELETE NO ACTION ON UPDATE NO ACTION,
  ADD CONSTRAINT `fk_user_to_user_3` FOREIGN KEY (`relation_id`) REFERENCES `user_relation` (`id`) ON DELETE NO ACTION ON UPDATE NO ACTION;

/*!40101 SET CHARACTER_SET_CLIENT=@OLD_CHARACTER_SET_CLIENT */;
/*!40101 SET CHARACTER_SET_RESULTS=@OLD_CHARACTER_SET_RESULTS */;
/*!40101 SET COLLATION_CONNECTION=@OLD_COLLATION_CONNECTION */;
