-- phpMyAdmin SQL Dump
-- version 4.6.4
-- https://www.phpmyadmin.net/
--
-- Host: 127.0.0.1
-- Generation Time: Dec 17, 2016 at 07:12 AM
-- Server version: 5.7.14
-- PHP Version: 5.6.25

SET SQL_MODE = "NO_AUTO_VALUE_ON_ZERO";
SET time_zone = "+00:00";


/*!40101 SET @OLD_CHARACTER_SET_CLIENT=@@CHARACTER_SET_CLIENT */;
/*!40101 SET @OLD_CHARACTER_SET_RESULTS=@@CHARACTER_SET_RESULTS */;
/*!40101 SET @OLD_COLLATION_CONNECTION=@@COLLATION_CONNECTION */;
/*!40101 SET NAMES utf8mb4 */;

--
-- Database: `analysis_site`
--

-- --------------------------------------------------------

--
-- Table structure for table `activity_type`
--

CREATE TABLE `activity_type` (
  `id` int(11) NOT NULL,
  `name` varchar(50) COLLATE utf8_unicode_ci NOT NULL,
  `description` text COLLATE utf8_unicode_ci,
  `pair_one` varchar(3) COLLATE utf8_unicode_ci DEFAULT NULL,
  `pair_two` varchar(3) COLLATE utf8_unicode_ci DEFAULT NULL
) ENGINE=InnoDB DEFAULT CHARSET=utf8 COLLATE=utf8_unicode_ci;

--
-- Dumping data for table `activity_type`
--

INSERT INTO `activity_type` (`id`, `name`, `description`, `pair_one`, `pair_two`) VALUES
(1, 'Аграрно-экологическая', NULL, '1.1', '4.4'),
(2, 'Проектирование полезных форм', NULL, '3.2', '2.1'),
(3, 'Психолого-терапевтическая', NULL, '3.5', '3.3'),
(4, 'Духовно-религиозная', NULL, '7.2', '7.4'),
(5, 'СМИ', NULL, '6.4', '2.5'),
(6, 'Естественнонаучная и математическая', NULL, '5.1', '3.4'),
(7, 'Культуры и искусств', NULL, '6.5', '7.5'),
(8, 'Медико-оздоровительная', NULL, '4.3', '1.2'),
(9, 'Общественно-научная', NULL, '4.1', '5.5'),
(10, 'Педагогический', NULL, '3.1', '5.2'),
(11, 'Социальная (досуг, игровая, развивающая) сфера усл', NULL, '1.4', '4.5'),
(12, 'Социально-бытовая сфера услуг', NULL, '2.3', '2.2'),
(13, 'Техническое творчество', NULL, '4.2', '5.3'),
(14, 'Экономическая', NULL, '7.1', '1.5'),
(15, 'Государственно-правовая', NULL, '6.1', '2.4'),
(16, 'Материальное производство', NULL, '6.3', '1.3'),
(17, 'Идеологическая', NULL, '5.4', '6.2'),
(18, 'Философская', NULL, '8.1', '7.3');

-- --------------------------------------------------------

--
-- Table structure for table `migration`
--

CREATE TABLE `migration` (
  `version` varchar(180) NOT NULL,
  `apply_time` int(11) DEFAULT NULL
) ENGINE=MyISAM DEFAULT CHARSET=latin1;

--
-- Dumping data for table `migration`
--

INSERT INTO `migration` (`version`, `apply_time`) VALUES
('m000000_000000_base', 1481958680),
('m140209_132017_init', 1481958709),
('m140403_174025_create_account_table', 1481958709),
('m140504_113157_update_tables', 1481958710),
('m140504_130429_create_token_table', 1481958710),
('m140830_171933_fix_ip_field', 1481958710),
('m140830_172703_change_account_table_name', 1481958710),
('m141222_110026_update_ip_field', 1481958710),
('m141222_135246_alter_username_length', 1481958711),
('m150614_103145_update_social_account_table', 1481958711),
('m150623_212711_fix_username_notnull', 1481958711),
('m151218_234654_add_timezone_to_profile', 1481958711);

-- --------------------------------------------------------

--
-- Table structure for table `profession`
--

CREATE TABLE `profession` (
  `id` int(11) NOT NULL,
  `name` varchar(250) COLLATE utf8_unicode_ci NOT NULL,
  `description` text COLLATE utf8_unicode_ci,
  `specialityId` int(11) DEFAULT NULL,
  `main_cell_1` varchar(4) COLLATE utf8_unicode_ci DEFAULT NULL,
  `main_cell_2` varchar(4) COLLATE utf8_unicode_ci DEFAULT NULL,
  `additional_cell_1` varchar(4) COLLATE utf8_unicode_ci DEFAULT NULL,
  `additional_cell_2` varchar(4) COLLATE utf8_unicode_ci DEFAULT NULL,
  `additional_cell_3` varchar(4) COLLATE utf8_unicode_ci DEFAULT NULL,
  `additional_cell_4` varchar(4) COLLATE utf8_unicode_ci DEFAULT NULL,
  `additional_cell_5` varchar(4) COLLATE utf8_unicode_ci DEFAULT NULL,
  `additional_cell_6` varchar(4) COLLATE utf8_unicode_ci DEFAULT NULL,
  `boss_flags` int(4) DEFAULT NULL
) ENGINE=InnoDB DEFAULT CHARSET=utf8 COLLATE=utf8_unicode_ci;

--
-- Dumping data for table `profession`
--

INSERT INTO `profession` (`id`, `name`, `description`, `specialityId`, `main_cell_1`, `main_cell_2`, `additional_cell_1`, `additional_cell_2`, `additional_cell_3`, `additional_cell_4`, `additional_cell_5`, `additional_cell_6`, `boss_flags`) VALUES
(1, 'Агроинженер', NULL, 1, '1.1', '', '4.2', '', '', '', '', NULL, 1100),
(2, 'Агроконсультант', NULL, 1, '1.1', '4.4', '5.4', '', '', '', '', NULL, 1100),
(3, 'Агромаркетолог', NULL, 1, '1.1', '4.4', '6.3', '2.5', '', '', '', NULL, 1100),
(4, 'Агролаборант', NULL, 1, '1.1', '4.4', '', '', '', '', '', NULL, 0),
(5, 'Агроном', NULL, 1, '1.1', '', '5.1', '6.3', '', '', '', NULL, 1000),
(6, 'Биолог в агросекторе', NULL, 1, '1.1', '', '5.1', '', '', '', '', NULL, 0),
(7, 'Ветеринар в агросекторе', NULL, 1, '', '4.4', '5.1', '6.3', '', '', '', NULL, 0),
(8, 'Ветеринарный фельдшер', NULL, 1, '', '4.4', '4.3', '5.1', '', '', '', NULL, 0),
(9, 'Вирусолог в агросекторе', NULL, 1, '', '4.4', '5.1', '', '', '', '', NULL, 0),
(10, 'Геодезист (картограф)', NULL, 1, '1.1', '', '3.2', '6.3', '', '', '', NULL, 0),
(11, 'Животновод', NULL, 1, '', '4.4', '1.3', '6.3', '', '', '', NULL, 0),
(12, 'Мастерагропроизводства', NULL, 1, '1.1', '4.4', '4.2', '6.3', '', '', '', NULL, 1100),
(13, 'Метеоролог', NULL, 1, '1.1', '', '1.3', '5.1', '', '', '', NULL, 0),
(14, 'Овощевод, растениевод, садовник', NULL, 1, '1.1', '', '1.3', '6.3', '', '', '', NULL, 0),
(15, 'Озеленитель', NULL, 1, '1.1', '', '1.3', '', '', '', '', NULL, 0),
(16, 'Оценщик в агросекторе', NULL, 1, '1.1', '4.4', '3.4', '', '', '', '', NULL, 0),
(17, 'Повар', NULL, 1, '1.1', '4.4', '4.2', '1.3', '', '', '', NULL, 0),
(18, 'Преподаватель по растениеводству', NULL, 1, '1.1', '', '5.2', '5.1', '3.4', '', '', NULL, 1100),
(19, 'Преподаватель по животноводству', NULL, 1, '', '4.4', '5.2', '3.4', '1.2', '', '', NULL, 1100),
(20, 'Преподавательагроэкономики', NULL, 1, '1.1', '4.4', '5.2', '6.3', '', '', '', NULL, 1100),
(21, 'Преподаватель по механизации', NULL, 1, '1.1', '4.4', '5.2', '4.2', '', '', '', NULL, 1100),
(22, 'Преподаватель по аграрному законодательству', NULL, 1, '1.1', '4.4', '5.2', '6.1', '', '', '', NULL, 1100),
(23, 'Рыболов', NULL, 1, '1.1', '4.4', '', '', '', '', '', NULL, 0),
(24, 'Технолог сельскохозяйственного производства', NULL, 1, '1.1', '4.4', '4.2', '6.3', '', '', '', NULL, 1100),
(25, 'Технолог растениеводческого производства', NULL, 1, '1.1', '', '4.2', '6.3', '', '', '', NULL, 1100),
(26, 'Технолог животноводческогопроизводства', NULL, 1, '', '4.4', '4.2', '6.3', '', '', '', NULL, 1100),
(27, 'Тракторист-машинист растениеводческого производства', NULL, 1, '1.1', '', '1.3', '6.3', '', '', '', NULL, 0),
(28, 'Тракторист-машинист животноводческогопроизводства', NULL, 1, '', '4.4', '1.3', '6.3', '', '', '', NULL, 0),
(29, 'Флорист, цветовод', NULL, 1, '1.1', '', '6.5', '2.3', '1.3', '', '', NULL, 1000),
(30, 'Web-дизайнер', NULL, 2, '3.2', '2.1', '7.5', '3.5', '5.1', '', '', NULL, 0),
(31, 'Flash-разработчик', NULL, 2, '', '2.1', '6.4', '4.2', '', '', '', NULL, 0),
(32, 'Актуариус, архивариус, архивист, библиограф, документовед', NULL, 2, '3.2', '2.1', '3.5', '', '', '', '', NULL, 0),
(33, 'Архитектор-проектировщик', NULL, 2, '3.2', '2.1', '6.5', '6.2', '', '', '', NULL, 1011),
(34, 'Дизайнеринтерьера', NULL, 2, '', '2.1', '7.5', '', '', '', '', NULL, 1000),
(35, 'Дизайнер ландшафта', NULL, 2, '', '2.1', '1.1', '7.5', '', '', '', NULL, 1000),
(36, 'Землеустроитель', NULL, 2, '', '2.1', '6.1', '4.2', '1.1', '1.5', '', NULL, 1111),
(37, 'Инженер-конструктор', NULL, 2, '3.2', '2.1', '3.4', '4.2', '', '', '', NULL, 1100),
(38, 'Инженер-проектировщик', NULL, 2, '3.2', '2.1', '3.4', '4.2', '', '', '', NULL, 1010),
(39, 'Инженер-строитель', NULL, 2, '3.2', '2.1', '5.1', '6.3', '', '', '', NULL, 1010),
(40, 'Маляр', NULL, 2, '', '2.1', '1.3', '6.3', '', '', '', NULL, 0),
(41, 'Маркетолог в строительстве', NULL, 2, '3.2', '2.1', '6.4', '2.5', '', '', '', NULL, 1010),
(42, 'Облицовщик-плиточник', NULL, 2, '', '2.1', '1.3', '6.3', '', '', '', NULL, 0),
(43, 'Оценщик в строительстве', NULL, 2, '3.2', '2.1', '3.4', '', '', '', '', NULL, 0),
(44, 'Помощник руководителя/Секретарь/Офис-менеджер', NULL, 2, '', '2.1', '3.5', '3.3', '', '', '', NULL, 1100),
(45, 'Риэлтор', NULL, 2, '3.2', '', '3.4', '7.1', '1.5', '', '', NULL, 1010),
(46, 'Сервейер(специалист по экспертизе недвижимости)', NULL, 2, '3.2', '', '2.4', '7.1', '3.4', '5.4', '', NULL, 0),
(47, 'Сервейер(специалист по управлению недвижимости)', NULL, 2, '3.2', '', '2.4', '7.1', '3.4', '', '', NULL, 1100),
(48, 'Специалистбэк-офиса', NULL, 2, '3.2', '', '3.5', '6.2', '', '', '', NULL, 1100),
(49, 'Специалист по отделочным работам', NULL, 2, '', '2.1', '4.2', '6.3', '', '', '', NULL, 1100),
(50, 'Техник-строитель', NULL, 2, '3.2', '', '1.3', '4.2', '6.3', '', '', NULL, 0),
(51, 'Электрогазосварщик', NULL, 2, '3.2', '', '1.3', '4.2', '6.3', '', '', NULL, 0),
(52, 'Энергетик-инженер', NULL, 2, '3.2', '', '4.2', '6.3', '', '', '', NULL, 1000),
(53, 'Коучер', NULL, 3, '3.5', '', '5.5', '5.2', '5.4', '4.5', '8.1', NULL, 1111),
(54, 'Менеджер по персоналу, рекрутер', NULL, 3, '3.5', '3.3', '5.5', '5.2', '', '', '', NULL, 1111),
(55, 'Менеджер по работе с клиентами', NULL, 3, '3.5', '3.3', '2.5', '', '', '', '', NULL, 1100),
(56, 'Психолог', NULL, 3, '3.5', '3.3', '5.4', '1.4', '4.5', '', '', NULL, 1111),
(57, 'Психотерапевт', NULL, 3, '3.5', '3.3', '5.4', '8.1', '7.2', '', '', NULL, 1111),
(58, 'Психиатр', NULL, 3, '3.5', '3.3', '2.5', '1.2', '7.4', '', '', NULL, 1100),
(59, 'Социальный педагог', NULL, 3, '3.5', '3.3', '5.2', '5.4', '5.3', '', '', NULL, 1100),
(60, 'Специалист отдела кадрового делопроизводства', NULL, 3, '', '3.3', '5.5', '6.1', '6.2', '', '', NULL, 1000),
(61, 'Социальный работник', NULL, 3, '3.5', '3.3', '2.4', '7.2', '5.4', '', '', NULL, 1000),
(62, 'Искусствоведдуховно-религиозный', NULL, 4, '7.2', '7.4', '7.5', '5.5', '3.1', '8.1', '', NULL, 1000),
(63, 'Преподаватель религиоведения', NULL, 4, '', '7.4', '5.2', '4.1', '5.4', '', '', NULL, 1100),
(64, 'Регент (руководитель хора)', NULL, 4, '7.2', '7.4', '6.5', '5.2', '8.1', '', '', NULL, 1111),
(65, 'Священник', NULL, 4, '7.2', '7.4', '3.3', '3.5', '5.2', '5.5', '', NULL, 1111),
(66, 'Служитель церкви', NULL, 4, '', '7.4', '', '', '', '', '', NULL, 0),
(67, 'Служитель церковного хора', NULL, 4, '', '7.4', '6.5', '', '', '', '', NULL, 0),
(68, 'Теолог-богослов', NULL, 4, '7.2', '7.4', '5.2', '3.1', '8.1', '4.1', '', NULL, 1000),
(69, 'Администратор сайта', NULL, 5, '6.4', '', '5.2', '', '', '', '', NULL, 1000),
(70, 'Блогер', NULL, 5, '6.4', '2.5', '6.5', '7.5', '4.5', '', '', NULL, 0),
(71, 'Верстальщик', NULL, 5, '6.4', '', '', '', '', '', '', NULL, 0),
(72, 'Дизайнер рекламных агентств', NULL, 5, '6.4', '2.5', '3.2', '2.3', '4.5', '', '', NULL, 0),
(73, 'Диктор', NULL, 5, '', '2.5', '', '', '', '', '', NULL, 0),
(74, 'Гид-экскурсовод-переводчик', NULL, 5, '6.4', '2.5', '3.2', '6.5', '4.1', '', '', NULL, 1100),
(75, 'Журналист, корреспондент', NULL, 5, '6.4', '2.5', '6.5', '3.3', '5.4', '', '', NULL, 1000),
(76, 'Критик', NULL, 5, '6.4', '2.5', '6.5', '4.1', '', '', '', NULL, 0),
(77, 'Контент-менеджер(редактор сайтов)', NULL, 5, '6.4', '', '6.5', '7.5', '3.3', '5.4', '3.2', NULL, 1111),
(78, 'Менеджерпо рекламе СМИ-продуктов ', NULL, 5, '6.4', '2.5', '3.5', '3.3', '5.3', '', '', NULL, 1111),
(79, 'Переводчик СМИ', NULL, 5, '6.4', '2.5', '3.2', '', '', '', '', NULL, 0),
(80, 'Пресс-секретарь', NULL, 5, '', '2.5', '3.5', '3.3', '5.3', '2.4', '', NULL, 1100),
(81, 'Технический редактор', NULL, 5, '6.4', '', '4.2', '', '', '', '', NULL, 1100),
(82, 'Редактор СМИ', NULL, 5, '6.4', '2.5', '3.2', '6.5', '5.4', '', '', NULL, 1111),
(83, 'Секретарь-референт', NULL, 5, '', '2.5', '6.1', '2.4', '5.4', '5.3', '3.5', NULL, 1111),
(84, 'Ведущий радио и телевидения', NULL, 5, '6.4', '2.5', '6.5', '3.1', '5.4', '', '', NULL, 1100),
(85, 'Художественный редактор', NULL, 5, '6.4', '2.5', '6.5', '7.5', '3.2', '', '', NULL, 1111),
(86, '1Спрограммист', NULL, 6, '', '3.4', '6.3', '3.2', '1.5', '', '', NULL, 0),
(87, 'Web-программист', NULL, 6, '', '3.4', '3.2', '3.1', '', '', '', NULL, 0),
(88, 'Web-мастер', NULL, 6, '', '3.4', '3.2', '3.1', '2.3', '7.5', '', NULL, 1100),
(89, 'Администраторбазы данных', NULL, 6, '', '3.4', '3.2', '1.5', '', '', '', NULL, 1000),
(90, 'Астроном', NULL, 6, '5.1', '3.4', '', '', '', '', '', NULL, 0),
(91, 'Бионик(специалист в физике, математике, биологии, кибернетике: создает технические аналоги органических систем)', NULL, 6, '5.1', '3.4', '8.1', '4.2', '1.2', '3.1', '', NULL, 1100),
(92, 'Биотехнолог', NULL, 6, '5.1', '', '1.2', '4.2', '', '', '', NULL, 0),
(93, 'Биофизик', NULL, 6, '5.1', '3.4', '3.1', '', '', '', '', NULL, 0),
(94, 'Биохимик(знания микроорганизмов, ботаники и физиологии растений, медицинской и физиологической химии)', NULL, 6, '5.1', '3.4', '3.2', '1.2', '', '', '', NULL, 0),
(95, 'Географ', NULL, 6, '5.1', '3.4', '3.2', '1.1', '8.1', '', '', NULL, 1000),
(96, 'Геолог', NULL, 6, '', '3.4', '4.2', '1.1', '', '', '', NULL, 1100),
(97, 'Геофизик', NULL, 6, '5.1', '3.4', '1.1', '', '', '', '', NULL, 0),
(98, 'Зоолог', NULL, 6, '5.1', '4.4', '3.4', '1.2', '', '', '', NULL, 1000),
(99, 'Кинолог', NULL, 6, '', '4.4', '3.4', '3.3', '', '', '', NULL, 0),
(100, 'Математик-теоретик', NULL, 6, '5.1', '3.4', '3.2', '6.5', '3.5', '', '', NULL, 0),
(101, 'Микробиолог', NULL, 6, '5.1', '3.4', '1.1', '', '', '', '', NULL, 0),
(102, 'Прикладной математик', NULL, 6, '5.1', '3.4', '3.1', '7.5', '5.5', '4.1', '', NULL, 1100),
(103, 'МенеджерIT проекта', NULL, 6, '', '3.4', '4.1', '5.5', '3.1', '1.5', '', NULL, 1100),
(104, 'Программист БД', NULL, 6, '', '3.4', '6.1', '', '', '', '', NULL, 0),
(105, 'Программист концептуальный (архитектор проекта)', NULL, 6, '5.1', '3.4', '6.3', '3.1', '3.2', '2.3', '', NULL, 1110),
(106, 'Системный аналитик', NULL, 6, '5.1', '3.4', '6.3', '3.1', '3.2', '2.3', '', NULL, 1100),
(107, 'Программист разработчик ПО (developer)', NULL, 6, '5.1', '3.4', '', '', '', '', '', NULL, 0),
(108, 'Программисттестировщик', NULL, 6, '5.1', '3.4', '', '', '', '', '', NULL, 0),
(109, 'Программистразработчик игр', NULL, 6, '5.1', '3.4', '4.5', '2.3', '3.2', '', '', NULL, 0),
(110, 'SEO-специалист по продвижению сайта', NULL, 6, '', '3.4', '6.4', '', '', '', '', NULL, 0),
(111, 'Радиофизик', NULL, 6, '5.1', '3.4', '4.2', '', '', '', '', NULL, 0),
(112, 'Системныйадминистратор ВЦ', NULL, 6, '5.1', '3.4', '4.2', '2.4', '5.2', '', '', NULL, 1100),
(113, 'Системный программист', NULL, 6, '5.1', '3.4', '1.4', '3.2', '', '', '', NULL, 0),
(114, 'Физик-теоретик', NULL, 6, '5.1', '3.4', '3.1', '5.5', '3.2', '', '', NULL, 0),
(115, 'Физик-практик', NULL, 6, '5.1', '', '4.2', '1.3', '2.3', '', '', NULL, 0),
(116, 'Химик-теоретик', NULL, 6, '5.1', '3.4', '3.2', '3.1', '', '', '', NULL, 0),
(117, 'Химик-практик', NULL, 6, '5.1', '3.4', '1.3', '', '', '', '', NULL, 0),
(118, 'Эколог', NULL, 6, '5.1', '3.4', '7.1', '1.1', '4.4', '', '', NULL, 1000),
(119, 'Актёр театра и кино', NULL, 7, '6.5', '', '3.5', '3.3', '7.2', '2.5', '4.5', NULL, 0),
(120, 'Актёр театра кукол', NULL, 7, '6.5', '', '3.5', '7.4', '7.2', '2.5', '4.5', NULL, 1100),
(121, 'Аниматор(кинематографист, работающий в мультипликационном кино)', NULL, 7, '6.5', '7.5', '3.2', '2.3', '4.2', '', '', NULL, 0),
(122, 'Аранжировщик', NULL, 7, '', '7.5', '4.5', '1.4', '3.2', '', '', NULL, 0),
(123, 'Артист балета', NULL, 7, '6.5', '7.5', '1.4', '4.5', '3.3', '', '', NULL, 0),
(124, 'Артист оркестра (ансамбля)', NULL, 7, '6.5', '7.5', '6.4', '1.4', '', '', '', NULL, 0),
(125, 'Артист хора (ансамбля)', NULL, 7, '6.5', '7.5', '6.4', '1.4', '', '', '', NULL, 0),
(126, 'Артист цирка', NULL, 7, '6.5', '7.5', '1.4', '4.5', '', '', '', NULL, 0),
(127, 'Артист эстрады (певец)', NULL, 7, '6.5', '', '1.4', '4.5', '3.5', '2.5', '', NULL, 0),
(128, 'Артист эстрады (танцор)', NULL, 7, '6.5', '7.5', '1.4', '4.5', '', '', '', NULL, 0),
(129, 'Артист эстрады (разговорного жанра)', NULL, 7, '6.5', '7.5', '1.4', '4.5', '3.2', '3.3', '', NULL, 1100),
(130, 'Библиотекарь', NULL, 7, '6.5', '7.5', '3.2', '3.5', '2.5', '', '', NULL, 1100),
(131, 'Видеооператор', NULL, 7, '6.5', '7.5', '3.5', '6.4', '1.4', '', '', NULL, 1100),
(132, 'Визажист', NULL, 7, '6.5', '7.5', '2.3', '2.1', '1.2', '', '', NULL, 0),
(133, 'Декоратор', NULL, 7, '6.5', '', '2.2', '1.3', '', '', '', NULL, 0),
(134, 'Диджей', NULL, 7, '6.5', '', '3.2', '3.5', '', '', '', NULL, 1100),
(135, 'Дизайнер одежды', NULL, 7, '6.5', '7.5', '3.2', '2.3', '', '', '', NULL, 1000),
(136, 'Дизайнер рекламных агентств', NULL, 7, '6.5', '', '3.2', '2.3', '3.5', '5.3', '', NULL, 1100),
(137, 'Дирижер, концертмейстер', NULL, 7, '6.5', '7.5', '7.4', '6.4', '5.2', '5.4', '', NULL, 1111),
(138, 'Звукорежиссер', NULL, 7, '6.5', '7.5', '3.2', '1.3', '', '', '', NULL, 1000),
(139, 'Музейный работник', NULL, 7, '6.5', '', '4.1', '1.4', '', '', '', NULL, 0),
(140, 'Искусствовед (светский)', NULL, 7, '', '7.5', '3.5', '5.5', '3.1', '8.1', '', NULL, 1000),
(141, 'Киномеханик', NULL, 7, '6.5', '7.5', '1.3', '', '', '', '', NULL, 0),
(142, 'Композитор', NULL, 7, '6.5', '7.5', '4.5', '1.4', '3.2', '6.4', '', NULL, 0),
(143, 'Копирайтер(рекламирует или популяризирует товар, компанию, услугу…)', NULL, 7, '6.5', '7.5', '6.4', '2.5', '3.2', '8.1', '', NULL, 0),
(144, 'Отделочникизделий из древесины', NULL, 7, '6.5', '', '1.3', '1.1', '', '', '', NULL, 0),
(145, 'Специалист декоративно-прикладного искусства', NULL, 7, '6.5', '', '4.2', '1.4', '2.3', '3.5', '', NULL, 1100),
(146, 'Культуролог', NULL, 7, '6.5', '', '3.2', '3.5', '3.4', '4.1', '5.5', NULL, 1000),
(147, 'Сценарист', NULL, 7, '6.5', '7.5', '3.2', '3.5', '3.3', '7.4', '', NULL, 1000),
(148, 'Литературовед', NULL, 7, '6.5', '', '8.1', '3.5', '3.2', '5.5', '3.1', NULL, 0),
(149, 'Продюсер', NULL, 7, '6.5', '', '7.1', '2.4', '2.3', '4.5', '', NULL, 1101),
(150, 'Художник, скульптор', NULL, 7, '6.5', '7.5', '2.2', '1.3', '2.3', '', '', NULL, 0),
(151, 'Акушер', NULL, 8, '4.3', '1.2', '3.5', '', '', '', '', NULL, 1100),
(152, 'Анестезиолог', NULL, 8, '4.3', '', '3.4', '', '', '', '', NULL, 0),
(153, 'Врач-косметолог', NULL, 8, '4.3', '1.2', '6.5', '3.3', '', '', '', NULL, 1100),
(154, 'Врач-терапевт, врач скорой помощи, сельский фельдшер ', NULL, 8, '4.3', '1.2', '3.5', '3.3', '5.5', '', '', NULL, 1100),
(155, 'Врач окулист, офтальмолог, врач оптометрист', NULL, 8, '4.3', '1.2', '3.2', '', '', '', '', NULL, 1000),
(156, 'Врач диетолог', NULL, 8, '4.3', '', '4.4', '3.3', '', '', '', NULL, 1100),
(157, 'Врач-диагност', NULL, 8, '4.3', '1.2', '3.5', '3.4', '3.2', '', '', NULL, 1100),
(158, 'Врач ортопед(диагностика, лечение и профилактика заболеваний и деформаций опорно-двигательного аппарата)', NULL, 8, '4.3', '', '4.2', '5.1', '', '', '', NULL, 0),
(159, 'Ветеринарный врач', NULL, 8, '4.3', '1.2', '4.4', '5.1', '', '', '', NULL, 1100),
(160, 'Врач-геронтолог', NULL, 8, '4.3', '1.2', '3.5', '3.3', '7.3', '5.3', '', NULL, 1100),
(161, 'Врач-гастроэнтеролог.', NULL, 8, '4.3', '1.2', '3.5', '3.4', '', '', '', NULL, 0),
(162, 'Врач-гематолог', NULL, 8, '4.3', '1.2', '3.5', '4.1', '', '', '', NULL, 0),
(163, 'Гинеколог, уролог', NULL, 8, '4.3', '1.2', '3.5', '3.2', '', '', '', NULL, 0),
(164, 'Гигиенистстоматологический', NULL, 8, '4.3', '1.2', '3.5', '1.1', '', '', '', NULL, 1100),
(165, 'Зубной техник', NULL, 8, '4.3', '', '1.3', '', '', '', '', NULL, 0),
(166, 'Лаборант химического анализа', NULL, 8, '', '', '5.1', '3.2', '', '', '', NULL, 0),
(167, 'Мастер-оптик', NULL, 8, '4.3', '', '4.2', '', '', '', '', NULL, 0),
(168, 'Медсестра', NULL, 8, '4.3', '', '3.3', '2.2', '', '', '', NULL, 1000),
(169, 'Медицинский технолог(проектировщик медцентра)', NULL, 8, '', '1.2', '3.2', '2.3', '6.1', '4.2', '', NULL, 1111),
(170, 'Педиатр', NULL, 8, '4.3', '1.2', '1.4', '4.1', '3.5', '', '', NULL, 1000),
(171, 'Провизор(аптечный работник с высшим фармацевтическим образованием)', NULL, 8, '4.3', '', '3.4', '3.1', '5.1', '3.2', '1.1', NULL, 1100),
(172, 'Стоматолог, пародонтолог', NULL, 8, '4.3', '', '1.3', '', '', '', '', NULL, 0),
(173, 'Фармацевт(аптечный работник со среднеспециальным образованием)', NULL, 8, '4.3', '', '5.1', '3.2', '', '', '', NULL, 0),
(174, 'Фельдшер', NULL, 8, '4.3', '1.2', '3.5', '', '', '', '', NULL, 1100),
(175, 'Хирург', NULL, 8, '4.3', '1.2', '4.2', '3.2', '4.4', '', '', NULL, 1100),
(176, 'Геронтолог', NULL, 9, '4.1', '5.5', '4.3', '3.5', '3.3', '7.3', '', NULL, 1100),
(177, 'Девелопер(разработчик стратегии развития компании, предприятия)', NULL, 9, '4.1', '', '3.2', '3.5', '3.1', '4.2', '6.3', NULL, 1111),
(178, 'Демограф', NULL, 9, '4.1', '5.5', '3.2', '3.4', '6.5', '7.1', '', NULL, 1000),
(179, 'Планировщик социальной среды', NULL, 9, '4.1', '', '3.2', '2.3', '6.2', '7.5', '7.1', NULL, 1101),
(180, 'Историк, регионовед', NULL, 9, '4.1', '5.5', '3.2', '3.5', '3.4', '8.1', '', NULL, 1100),
(181, 'Лингвист', NULL, 9, '4.1', '', '3.2', '3.5', '3.4', '6.5', '3.1', NULL, 0),
(182, 'Палеонтолог', NULL, 9, '4.1', '5.5', '1.1', '3.4', '5.1', '3.2', '', NULL, 1100),
(183, 'Обществовед', NULL, 9, '4.1', '', '6.5', '3.5', '7.4', '6.1', '8.1', NULL, 0),
(184, 'Социолог', NULL, 9, '4.1', '5.5', '3.2', '3.5', '3.4', '5.3', '', NULL, 0),
(185, 'Социопсихолог', NULL, 9, '4.1', '', '3.5', '3.3', '7.2', '7.4', '8.1', NULL, 1110),
(186, 'Политолог', NULL, 9, '4.1', '', '5.4', '5.5', '3.4', '6.2', '3.5', NULL, 0),
(187, 'Этнограф', NULL, 9, '4.1', '5.5', '6.1', '7.4', '3.2', '', '', NULL, 100),
(188, 'Воспитатель детского сада', NULL, 10, '', '5.2', '4.3', '1.4', '2.1', '3.5', '', NULL, 1100),
(189, 'Логопед', NULL, 10, '3.1', '5.2', '4.3', '3.2', '3.5', '', '', NULL, 1000),
(190, 'Инструктор по фитнесу', NULL, 10, '', '5.2', '6.5', '', '', '', '', NULL, 1000),
(191, 'Преподаватель физики', NULL, 10, '3.1', '5.2', '5.5', '3.2', '3.5', '', '', NULL, 1100),
(192, 'Преподаватель химии', NULL, 10, '3.1', '5.2', '3.2', '3.4', '3.5', '', '', NULL, 0),
(193, 'Преподаватель биологии', NULL, 10, '3.1', '5.2', '1.1', '3.5', '1.2', '5.1', '', NULL, 1100),
(194, 'Преподаватель географии', NULL, 10, '3.1', '5.2', '1.1', '3.5', '6.5', '', '', NULL, 1100),
(195, 'Преподаватель математики', NULL, 10, '3.1', '5.2', '3.2', '6.5', '3.5', '5.1', '', NULL, 1100),
(196, 'Преподавательфизической культуры', NULL, 10, '3.1', '5.2', '1.3', '3.5', '', '', '', NULL, 1100),
(197, 'Преподаватель-филолог', NULL, 10, '3.1', '5.2', '6.5', '3.5', '7.3', '3.2', '', NULL, 1100),
(198, 'Преподаватель истории', NULL, 10, '3.1', '5.2', '3.5', '4.1', '7.4', '5.4', '', NULL, 1100),
(199, 'Преподаватель иностранных языков', NULL, 10, '', '5.2', '3.2', '2.1', '3.5', '2.5', '', NULL, 1100),
(200, 'Преподаватель психологии', NULL, 10, '3.1', '5.2', '3.5', '3.3', '5.4', '7.3', '', NULL, 1100),
(201, 'Психолог в школе', NULL, 10, '3.1', '', '3.5', '3.3', '5.4', '7.3', '2.4', NULL, 1100),
(202, 'Социальный педагог в школе', NULL, 10, '3.1', '5.2', '3.3', '5.4', '5.3', '', '', NULL, 1100),
(203, 'Учитель культуры, истории религии, этики и основ психологии', NULL, 10, '3.1', '5.2', '3.5', '5.4', '5.5', '7.4', '', NULL, 1100),
(204, 'Учитель начальных классов', NULL, 10, '', '5.2', '3.5', '3.3', '3.2', '1.4', '', NULL, 1100),
(205, 'УчительИЗО', NULL, 10, '', '5.2', '7.5', '1.4', '', '', '', NULL, 1100),
(206, 'Учитель музыки, танцев, ритмики и хореографии', NULL, 10, '', '5.2', '6.5', '7.5', '', '', '', NULL, 1100),
(207, 'Ведущий праздничных мероприятий (тамада)', NULL, NULL, '1.4', '4.5', '3.5', '6.5', '2.5', '6.4', '', NULL, 1110),
(208, 'Каскадер', NULL, NULL, '1.4', '', '1.3', '', '', '', '', NULL, 0),
(209, 'Методист отдела культуры и досуга', NULL, NULL, '1.4', '4.5', '5.2', '3.5', '6.4', '', '', NULL, 1110),
(210, 'Менеджер по туризму', NULL, NULL, '1.4', '4.5', '6.1', '5.3', '', '', '', NULL, 1100),
(211, 'Педагог-организатор кружкадекоративно-прикладного творчества', NULL, NULL, '1.4', '', '5.2', '4.2', '7.5', '3.2', '', NULL, 1100),
(212, 'Бармен', NULL, 12, '2.3', '2.2', '4.3', '', '', '', '', NULL, 0),
(213, 'Бортпроводник', NULL, 12, '2.3', '2.2', '4.3', '3.5', '', '', '', NULL, 1000),
(214, 'Метрдотель(координатор обслуживания посетителей ресторана или постояльцев отеля)', NULL, 12, '2.3', '2.2', '2.4', '2.5', '', '', '', NULL, 1000),
(215, 'Официант', NULL, 12, '2.3', '2.2', '4.3', '', '', '', '', NULL, 0),
(216, 'Парикмахер', NULL, 12, '2.3', '', '4.2', '6.5', '', '', '', NULL, 0),
(217, 'Нянечка детского сада', NULL, 12, '', '2.2', '4.4', '3.5', '1.2', '', '', NULL, 0),
(218, 'Продавец', NULL, 12, '2.3', '2.2', '4.3', '', '', '', '', NULL, 0),
(219, 'Проводник вагона поезда', NULL, 12, '2.3', '2.2', '4.3', '', '', '', '', NULL, 1000),
(220, 'Специалист по сервису на транспорте', NULL, 12, '2.3', '', '4.3', '6.5', '', '', '', NULL, 1000),
(221, 'СпециалистЖКХ (слесарь, электрик)', NULL, 12, '2.3', '2.2', '4.2', '', '', '', '', NULL, 0),
(222, 'Стилист', NULL, 12, '2.3', '2.2', '6.5', '', '', '', '', NULL, 100),
(223, 'Товаровед(специалист по качеству, поставкам и реализации товаров)', NULL, 12, '', '2.2', '4.3', '3.5', '', '', '', NULL, 1100),
(224, 'Тренинг-менеджер', NULL, 12, '2.3', '2.2', '4.3', '3.5', '4.5', '', '', NULL, 1100),
(225, 'Авиационный инженер (конструктор летательных аппаратов)', NULL, 13, '4.2', '5.3', '3.4', '5.1', '', '', '', NULL, 1100),
(226, 'Авиационный техник (специалист с техническим образованием по наземному обслуживанию авиационной техники — самолётов, вертолётов и т. д.)', NULL, 13, '4.2', '5.3', '6.3', '', '', '', '', NULL, 0),
(227, 'Автомеханик ', NULL, 13, '4.2', '5.3', '6.3', '', '', '', '', NULL, 0),
(228, 'Аппаратчик-оператор ', NULL, 13, '', '5.3', '6.3', '', '', '', '', NULL, 0),
(229, 'Бортинженер ', NULL, 13, '4.2', '5.3', '3.4', '6.3', '', '', '', NULL, 0),
(230, 'Горный инженер ', NULL, 13, '4.2', '5.3', '3.4', '6.3', '', '', '', NULL, 1100),
(231, 'Дегустатор ', NULL, 13, '4.2', '5.3', '2.3', '6.5', '', '', '', NULL, 0),
(232, 'Инженер бюро технической инвентаризации', NULL, 13, '4.2', '5.3', '3.5', '', '', '', '', NULL, 0),
(233, 'Инженер на предприятиях сервисного обслуживания медицинской техники', NULL, 13, '4.2', '5.3', '3.4', '3.5', '', '', '', NULL, 1100),
(234, 'Инженер по автоматизации и механизации производственных процессов', NULL, 13, '4.2', '5.3', '3.4', '6.3', '', '', '', NULL, 1100),
(235, 'Инженер по землеустройству', NULL, 13, '4.2', '5.3', '6.3', '1.1', '', '', '', NULL, 1100),
(236, 'Инженер по организации перевозок и управлению на транспорте', NULL, 13, '4.2', '5.3', '3.4', '6.3', '5.4', '', '', NULL, 1100),
(237, 'Инженер по охране труда', NULL, 13, '4.2', '5.3', '5.2', '3.2', '6.3', '', '', NULL, 100),
(238, 'Инженер связи', NULL, 13, '4.2', '5.3', '3.2', '3.4', '6.3', '', '', NULL, 1010),
(239, 'Инженер-испытатель', NULL, 13, '4.2', '5.3', '7.2', '3.2', '4.1', '', '', NULL, 1010),
(240, 'Инженер-технолог', NULL, 13, '4.2', '5.3', '3.2', '6.3', '', '', '', NULL, 0),
(241, 'Киномеханик', NULL, 13, '', '1.3', '', '', '', '', '', NULL, 0),
(242, 'Монтажник оборудования', NULL, 13, '4.2', '', '3.2', '1.3', '', '', '', NULL, 0),
(243, 'Монтажер телерадиовещательных компаний', NULL, 13, '4.2', '', '3.2', '1.3', '', '', '', NULL, 0),
(244, 'Технологдеревообрабатывающегопроизводства', NULL, 13, '4.2', '5.3', '3.2', '', '', '', '', NULL, 1000),
(245, 'Агент коммерческий', NULL, 14, '7.1', '1.5', '2.1', '4.3', '', '', '', NULL, 1000),
(246, 'Агент по сбыту энергии', NULL, 14, '7.1', '1.5', '2.1', '4.3', '', '', '', NULL, 1000),
(247, 'Агент рекламный', NULL, 14, '7.1', '1.5', '5.1', '4.3', '2.5', '2.1', '', NULL, 1000),
(248, 'Администратор предприятия торговли', NULL, 14, '7.1', '1.5', '3.5', '4.3', '8.1', '5.1', '', NULL, 1110),
(249, 'Аналитик экономический (бизнес)', NULL, 14, '7.1', '1.5', '2.1', '3.4', '5.5', '5.1', '', NULL, 0),
(250, 'Арт-директор', NULL, 14, '7.1', '', '2.1', '6.5', '4.3', '6.1', '', NULL, 1100),
(251, 'Аудитор', NULL, 14, '7.1', '1.5', '2.1', '3.4', '3.5', '3.2', '', NULL, 100),
(252, 'Банкир', NULL, 14, '7.1', '1.5', '2.1', '', '3.5', '3.2', '5.1', NULL, 1111),
(253, 'Банковский работник', NULL, 14, '7.1', '1.5', '2.1', '3.5', '3.2', '', '', NULL, 1100),
(254, 'Брокер', NULL, 14, '7.1', '1.5', '2.1', '3.4', '3.5', '', '', NULL, 1000),
(255, 'Букмекер', NULL, 14, '7.1', '1.5', '', '3.4', '3.5', '', '', NULL, 1000),
(256, 'Бухгалтер', NULL, 14, '7.1', '1.5', '3.4', '3.5', '3.2', '', '', NULL, 1000),
(257, 'Директор по маркетингу', NULL, 14, '7.1', '', '6.4', '3.5', '3.2', '5.1', '6.1', NULL, 1101),
(258, 'Калькулятор(экономист планового отдела)', NULL, 14, '7.1', '1.5', '3.4', '3.5', '3.2', '', '', NULL, 0),
(259, 'Кассир', NULL, 14, '7.1', '1.5', '3.5', '', '', '', '', NULL, 0),
(260, 'Кредитный консультант', NULL, 14, '7.1', '1.5', '2.5', '2.1', '', '', '', NULL, 0),
(261, 'Маклер', NULL, 14, '7.1', '1.5', '3.5', '2.5', '2.1', '', '', NULL, 100),
(262, 'Маркетолог(исследующий рынок: изучает, прогнозирует и формирует спрос на товары и услуги, определяет перспективы сбыта)', NULL, 14, '7.1', '1.5', '6.4', '3.5', '3.2', '2.1', '', NULL, 1000),
(263, 'Маркетолог отдела информационных технологий', NULL, 14, '7.1', '', '6.4', '3.5', '3.2', '5.1', '', NULL, 1000),
(264, 'Менеджер по PR', NULL, 14, '7.1', '1.5', '6.4', '3.5', '3.2', '2.1', '', NULL, 1110),
(265, 'Менеджер по R and D(исследование и развитие)', NULL, 14, '7.1', '1.5', '5.1', '3.4', '6.2', '', '5.4', NULL, 1111),
(266, 'Менеджер по закупкам', NULL, 14, '7.1', '1.5', '5.1', '2.5', '2.1', '', '', NULL, 1100),
(267, 'Менеджер по маркетингу', NULL, 14, '7.1', '1.5', '5.1', '2.5', '3.2', '6.1', '', NULL, 1111),
(268, 'Менеджер по оценкам рисков', NULL, 14, '7.1', '1.5', '5.1', '3.5', '3.4', '6.1', '', NULL, 0),
(269, 'Менеджер по продукту', NULL, 14, '7.1', '1.5', '3.4', '2.1', '', '', '', NULL, 1100),
(270, 'Менеджер по работе с таможней', NULL, 14, '7.1', '', '3.4', '2.1', '6.2', '', '', NULL, 1111),
(271, 'Менеджер по развитию территории', NULL, 14, '7.1', '1.5', '1.1', '5.1', '6.2', '3.4', '', NULL, 1101),
(272, 'Менеджер по внешнеэкономической деятельности', NULL, 14, '7.1', '', '5.1', '6.2', '3.4', '3.2', '', NULL, 1110),
(273, 'Медиа-байер(добиться от средств массовой информации минимальных расценок за рекламу).', NULL, 14, '7.1', '1.5', '5.1', '1.2', '3.5', '3.2', '', NULL, 1010),
(274, 'Медиапланер(специалист, осуществляющий стратегическое планирование рекламной кампании и ведение рекламной деятельности той или иной фирмы)', NULL, 14, '7.1', '1.5', '5.1', '6.2', '3.2', '3.4', '', NULL, 1110),
(275, 'Менеджер по продажам', NULL, 14, '7.1', '1.5', '3.4', '3.5', '', '', '', NULL, 1100),
(276, 'Менеджер по рекламе', NULL, 14, '7.1', '', '6.4', '3.3', '', '', '', NULL, 1100),
(277, 'Налоговый инспектор', NULL, 14, '7.1', '', '2.1', '3.4', '3.5', '', '', NULL, 0),
(278, 'Специалист отдела кредитования', NULL, 14, '7.1', '1.5', '3.5', '', '', '', '', NULL, 0),
(279, '', NULL, 14, '', '', '', '', '', '', '', NULL, 0),
(280, 'Адвокат', NULL, 15, '6.1', '2.4', '3.2', '2.1', '3.5', '', '', NULL, 0),
(281, 'Делопроизводитель (секретарь)', NULL, 15, '', '2.4', '', '3.2', '', '', '', NULL, 1000),
(282, 'Инспектор', NULL, 15, '6.1', '2.4', '3.2', '', '', '', '', NULL, 0),
(283, 'Нотариус', NULL, 15, '6.1', '2.4', '3.2', '3.5', '', '', '', NULL, 0),
(284, 'Полицейский', NULL, 15, '6.1', '2.4', '3.2', '', '', '', '', NULL, 1100),
(285, 'Правовед', NULL, 15, '6.1', '', '5.5', '3.4', '6.2', '3.5', '5.1', NULL, 0),
(286, 'Прокурор', NULL, 15, '6.1', '2.4', '3.2', '4.1', '5.1', '3.3', '', NULL, 1000),
(287, 'Следователь', NULL, 15, '6.1', '2.4', '3.2', '3.4', '3.4', '5.1', '', NULL, 1100),
(288, 'Специалист организационно-правовой защиты информации', NULL, 15, '6.1', '2.4', '3.2', '2.1', '3.4', '6.2', '6.4', NULL, 1100),
(289, 'Специалист отдела кадрового делопроизводства', NULL, 15, '6.1', '2.4', '3.2', '3.5', '', '', '', NULL, 1000),
(290, 'Судебный пристав', NULL, 15, '6.1', '2.4', '3.2', '', '', '', '', NULL, 0),
(291, 'Судебный эксперт', NULL, 15, '6.1', '2.4', '4.1', '4.2', '3.5', '', '', NULL, 0),
(292, 'Судья', NULL, 15, '6.1', '2.4', '4.1', '3.5', '3.3', '5.5', '', NULL, 1100),
(293, 'Частный детектив', NULL, 15, '6.1', '2.4', '4.1', '3.5', '2.1', '3.4', '', NULL, 1100),
(294, 'Юрисконсульт', NULL, 15, '', '2.4', '4.1', '3.5', '3.4', '3.2', '', NULL, 0),
(295, 'СпециалистМВД', NULL, 15, '6.1', '2.4', '3.2', '', '', '', '', NULL, 1000),
(296, 'Военнослужащий рядового состава', NULL, 15, '6.1', '2.4', '3.2', '', '', '', '', NULL, 0),
(297, 'Военнослужащий среднего командного звена', NULL, 15, '6.1', '2.4', '3.2', '3.3', '', '', '', NULL, 1100),
(298, 'Военнослужащий высшего командного состава', NULL, 15, '6.1', '2.4', '3.2', '3.3', '6.2', '', '', NULL, 1111),
(299, 'Служащий администрации района, области, республики высшего звена', NULL, 15, '6.1', '2.4', '3.2', '3.5', '2.1', '6.2', '', NULL, 1111),
(300, 'Служащий администрации района, области, республики среднего звена', NULL, 15, '6.1', '2.4', '3.2', '3.5', '2.1', '', '', NULL, 1000),
(301, 'Инспектор ГИБДД', NULL, 15, '6.1', '2.4', '3.2', '3.5', '', '', '', NULL, 1000),
(302, 'Трудовой инспектор (охрана труда)', NULL, 15, '6.1', '2.4', '5.2', '3.2', '', '', '', NULL, 100),
(303, 'Диспетчер', NULL, 16, '6.3', '1.3', '4.1', '', '', '', '', NULL, 1000),
(304, 'Дорожныйрабочий', NULL, 16, '6.3', '1.3', '', '', '', '', '', NULL, 0),
(305, 'Инструктор по вождению', NULL, 16, '6.3', '1.3', '3.2', '5.4', '', '', '', NULL, 100),
(306, 'Каменщик', NULL, 16, '6.3', '1.3', '', '', '', '', '', NULL, 0),
(307, 'Машинист (управление различного рода машинами): машинист поезда, летчик, водитель, экскаваторщик и т.д.', NULL, 16, '', '1.3', '3.2', '', '', '', '', NULL, 0),
(308, 'Медицинскийлабораторный техник', NULL, 16, '6.3', '1.3', '3.2', '', '', '', '', NULL, 0),
(309, 'Медицинский лаборант', NULL, 16, '', '1.3', '2.3', '', '', '', '', NULL, 0),
(310, 'Подсобный рабочий', NULL, 16, '6.3', '1.3', '', '', '', '', '', NULL, 0),
(311, 'Токарь, фрезеровщик', NULL, 16, '6.3', '1.3', '', '', '', '', '', NULL, 0),
(312, 'Слесарь-станочник', NULL, 16, '6.3', '1.3', '3.2', '', '', '', '', NULL, 0),
(313, 'Слесарь-ремонтник', NULL, 16, '6.3', '1.3', '3.2', '', '', '', '', NULL, 0),
(314, 'Крановщик', NULL, 16, '6.3', '1.3', '3.2', '', '', '', '', NULL, 0),
(315, 'Рабочий по наладке оборудования', NULL, 16, '6.3', '1.3', '3.2', '', '', '', '', NULL, 0),
(316, 'Грузчик', NULL, 16, '', '1.3', '', '', '', '', '', NULL, 0),
(317, 'Строитель-монтажник', NULL, 16, '6.3', '1.3', '4.2', '', '', '', '', NULL, 0),
(318, 'Бетонщик', NULL, 16, '', '1.3', '', '', '', '', '', NULL, 0),
(319, 'Электрик', NULL, 16, '', '1.3', '3.2', '', '', '', '', NULL, 0),
(320, 'Преподаватель политологии', NULL, 17, '5.4', '6.2', '5.2', '3.2', '3.5', '5.1', '', NULL, 0),
(321, 'Дипломат', NULL, 17, '5.4', '6.2', '6.1', '2.4', '4.1', '3.5', '', NULL, 1000),
(322, 'Имиджмейкер(личный психотерапевт и социальный дизайнер, который сотрудничает с целой командой профессионалов: модельерами, парикмахерами-стилистами, визажистами, фотографами, пиарщиками)', NULL, 17, '5.4', '6.2', '3.2', '2.3', '6.4', '1.4', '', NULL, 1100),
(323, 'Политик', NULL, 17, '5.4', '6.2', '6.1', '2.4', '7.4', '5.5', '', NULL, 1111),
(324, 'Преподаватель обществоведения', NULL, 18, '', '7.3', '5.2', '6.2', '5.1', '4.1', '5.5', NULL, 0),
(325, 'Преподаватель философии', NULL, 18, '8.1', '7.3', '5.2', '6.2', '5.1', '3.1', '5.5', NULL, 0),
(326, 'Писатель, поэт', NULL, 18, '8.1', '', '3.2', '3.3', '7.2', '3.5', '7.5', NULL, 1000);

-- --------------------------------------------------------

--
-- Table structure for table `profile`
--

CREATE TABLE `profile` (
  `user_id` int(11) NOT NULL,
  `name` varchar(255) COLLATE utf8_unicode_ci DEFAULT NULL,
  `public_email` varchar(255) COLLATE utf8_unicode_ci DEFAULT NULL,
  `gravatar_email` varchar(255) COLLATE utf8_unicode_ci DEFAULT NULL,
  `gravatar_id` varchar(32) COLLATE utf8_unicode_ci DEFAULT NULL,
  `location` varchar(255) COLLATE utf8_unicode_ci DEFAULT NULL,
  `website` varchar(255) COLLATE utf8_unicode_ci DEFAULT NULL,
  `bio` text COLLATE utf8_unicode_ci,
  `timezone` varchar(40) COLLATE utf8_unicode_ci DEFAULT NULL
) ENGINE=InnoDB DEFAULT CHARSET=utf8 COLLATE=utf8_unicode_ci;

-- --------------------------------------------------------

--
-- Table structure for table `social_account`
--

CREATE TABLE `social_account` (
  `id` int(11) NOT NULL,
  `user_id` int(11) DEFAULT NULL,
  `provider` varchar(255) COLLATE utf8_unicode_ci NOT NULL,
  `client_id` varchar(255) COLLATE utf8_unicode_ci NOT NULL,
  `data` text COLLATE utf8_unicode_ci,
  `code` varchar(32) COLLATE utf8_unicode_ci DEFAULT NULL,
  `created_at` int(11) DEFAULT NULL,
  `email` varchar(255) COLLATE utf8_unicode_ci DEFAULT NULL,
  `username` varchar(255) COLLATE utf8_unicode_ci DEFAULT NULL
) ENGINE=InnoDB DEFAULT CHARSET=utf8 COLLATE=utf8_unicode_ci;

-- --------------------------------------------------------

--
-- Table structure for table `token`
--

CREATE TABLE `token` (
  `user_id` int(11) NOT NULL,
  `code` varchar(32) COLLATE utf8_unicode_ci NOT NULL,
  `created_at` int(11) NOT NULL,
  `type` smallint(6) NOT NULL
) ENGINE=InnoDB DEFAULT CHARSET=utf8 COLLATE=utf8_unicode_ci;

-- --------------------------------------------------------

--
-- Table structure for table `user`
--

CREATE TABLE `user` (
  `id` int(11) NOT NULL,
  `username` varchar(255) COLLATE utf8_unicode_ci NOT NULL,
  `email` varchar(255) COLLATE utf8_unicode_ci NOT NULL,
  `password_hash` varchar(60) COLLATE utf8_unicode_ci NOT NULL,
  `auth_key` varchar(32) COLLATE utf8_unicode_ci NOT NULL,
  `confirmed_at` int(11) DEFAULT NULL,
  `unconfirmed_email` varchar(255) COLLATE utf8_unicode_ci DEFAULT NULL,
  `blocked_at` int(11) DEFAULT NULL,
  `registration_ip` varchar(45) COLLATE utf8_unicode_ci DEFAULT NULL,
  `created_at` int(11) NOT NULL,
  `updated_at` int(11) NOT NULL,
  `flags` int(11) NOT NULL DEFAULT '0'
) ENGINE=InnoDB DEFAULT CHARSET=utf8 COLLATE=utf8_unicode_ci;

-- --------------------------------------------------------

--
-- Table structure for table `user_info`
--

CREATE TABLE `user_info` (
  `id` int(11) NOT NULL,
  `name` varchar(45) COLLATE utf8_unicode_ci DEFAULT NULL,
  `birth_date` datetime NOT NULL
) ENGINE=InnoDB DEFAULT CHARSET=utf8 COLLATE=utf8_unicode_ci;

--
-- Dumping data for table `user_info`
--

INSERT INTO `user_info` (`id`, `name`, `birth_date`) VALUES
(1, NULL, '1994-05-24 09:54:43'),
(2, NULL, '1994-05-24 09:55:03'),
(3, NULL, '1977-06-23 09:55:03'),
(4, NULL, '1994-05-06 15:35:34'),
(5, NULL, '1959-11-06 15:35:37'),
(6, NULL, '1958-09-19 15:35:37'),
(7, NULL, '1956-10-18 18:51:06'),
(8, NULL, '1930-02-17 18:51:09'),
(9, NULL, '1997-01-05 16:39:55'),
(10, NULL, '1969-09-01 16:40:00'),
(11, NULL, '1994-07-24 15:20:55'),
(12, NULL, '1969-03-07 15:20:58'),
(13, NULL, '1994-07-24 15:21:23'),
(14, NULL, '1994-07-24 15:27:53'),
(15, NULL, '1969-03-07 15:27:54'),
(16, NULL, '1973-08-16 15:27:54'),
(17, NULL, '1977-09-12 12:59:12'),
(18, NULL, '1977-09-12 12:59:18'),
(19, NULL, '1977-09-12 13:16:02'),
(20, NULL, '1947-10-26 13:16:02'),
(21, NULL, '1977-09-12 13:17:42'),
(22, NULL, '1941-09-20 13:17:42'),
(23, NULL, '1947-10-26 13:17:42'),
(24, NULL, '1998-06-14 13:10:17'),
(25, NULL, '1964-06-14 13:12:25'),
(26, NULL, '1998-06-14 13:16:52'),
(27, NULL, '1964-06-14 13:16:52'),
(28, NULL, '1998-06-04 13:18:50'),
(29, NULL, '1962-06-15 13:21:18'),
(30, NULL, '1998-06-04 13:25:00'),
(31, NULL, '1967-03-20 13:25:00'),
(32, NULL, '1962-06-15 13:25:00'),
(33, NULL, '1997-09-30 13:26:52'),
(34, NULL, '1997-09-30 13:28:34'),
(35, NULL, '1973-02-14 13:28:34'),
(36, NULL, '1997-01-05 13:39:25'),
(37, NULL, '1997-01-05 13:41:12'),
(38, NULL, '1997-01-05 13:42:25'),
(39, NULL, '1987-06-09 09:57:09'),
(40, NULL, '1987-06-09 10:08:35'),
(41, NULL, '1953-11-07 10:08:35'),
(42, NULL, '1977-09-12 10:36:12'),
(43, NULL, '1979-10-12 11:00:32'),
(44, NULL, '2013-02-08 11:04:11'),
(45, NULL, '2013-02-08 11:08:07'),
(46, NULL, '1979-10-12 11:08:10'),
(47, NULL, '2013-02-08 11:09:15'),
(48, NULL, '1977-09-12 11:09:15'),
(49, NULL, '2013-02-08 11:11:57'),
(50, NULL, '1979-10-12 11:12:02'),
(51, NULL, '1994-04-19 09:08:15'),
(52, NULL, '1960-11-04 09:08:17'),
(53, NULL, '1966-05-25 09:08:19'),
(54, NULL, '1990-11-01 09:08:19'),
(55, NULL, '1993-05-24 09:10:34'),
(56, NULL, '1994-05-24 09:10:48'),
(57, NULL, '1994-04-19 09:11:10'),
(58, NULL, '1994-04-19 09:11:14'),
(59, NULL, '1994-05-24 09:11:13'),
(60, NULL, '1994-05-24 09:13:23'),
(61, NULL, '1974-06-23 09:13:25'),
(62, NULL, '1977-11-17 09:13:26'),
(63, NULL, '1994-04-19 09:18:27'),
(64, NULL, '1964-11-04 09:18:28'),
(65, NULL, '1966-05-25 09:18:31'),
(66, NULL, '1984-08-16 07:51:18'),
(67, NULL, '1984-08-16 07:59:12'),
(68, NULL, '0051-02-26 07:59:12'),
(69, NULL, '1984-08-16 08:01:08'),
(70, NULL, '1939-02-09 08:01:08'),
(71, NULL, '1984-08-16 08:03:27'),
(72, NULL, '1951-02-26 08:03:27'),
(73, NULL, '1939-02-09 08:03:27'),
(74, NULL, '1984-08-16 08:06:46'),
(75, NULL, '1951-02-26 08:06:46'),
(76, NULL, '1984-08-16 10:42:16'),
(77, NULL, '1984-08-16 10:44:32'),
(78, NULL, '1951-02-26 10:44:32'),
(79, NULL, '1949-02-09 10:44:32'),
(80, NULL, '1997-05-08 09:59:43'),
(81, NULL, '1997-05-08 10:12:53'),
(82, NULL, '1974-01-07 10:12:53'),
(83, NULL, '1971-01-14 10:12:53'),
(84, NULL, '1997-05-08 10:17:58'),
(85, NULL, '1974-01-07 10:17:58'),
(86, NULL, '1971-01-14 10:17:58'),
(87, NULL, '1952-12-05 10:17:58'),
(88, NULL, '1952-05-07 10:17:58'),
(89, NULL, '1994-05-24 07:12:05');

-- --------------------------------------------------------

--
-- Table structure for table `user_relation`
--

CREATE TABLE `user_relation` (
  `id` int(11) NOT NULL,
  `name` varchar(50) COLLATE utf8_unicode_ci NOT NULL,
  `level` smallint(3) DEFAULT NULL
) ENGINE=InnoDB DEFAULT CHARSET=utf8 COLLATE=utf8_unicode_ci;

--
-- Dumping data for table `user_relation`
--

INSERT INTO `user_relation` (`id`, `name`, `level`) VALUES
(1, 'Мама', 1),
(2, 'Мачеха', 1),
(3, 'Папа', 1),
(4, 'Отчим', 1),
(5, 'Брат', 2),
(6, 'Сестра', 2),
(7, 'Бабушка', 2),
(8, 'Дедушка', 2),
(9, 'Дядя', 2),
(10, 'Тетя', 2),
(11, 'Сын', 2),
(12, 'Дочь', 2);

-- --------------------------------------------------------

--
-- Table structure for table `user_to_activity`
--

CREATE TABLE `user_to_activity` (
  `user_id` int(11) NOT NULL,
  `activity_id` int(11) NOT NULL,
  `date` datetime DEFAULT NULL,
  `additional` text COLLATE utf8_unicode_ci,
  `weight` float DEFAULT NULL
) ENGINE=InnoDB DEFAULT CHARSET=utf8 COLLATE=utf8_unicode_ci;

-- --------------------------------------------------------

--
-- Table structure for table `user_to_user`
--

CREATE TABLE `user_to_user` (
  `user_id` int(11) NOT NULL,
  `user_related_id` int(11) NOT NULL,
  `relation_id` int(11) NOT NULL
) ENGINE=InnoDB DEFAULT CHARSET=utf8 COLLATE=utf8_unicode_ci;

--
-- Dumping data for table `user_to_user`
--

INSERT INTO `user_to_user` (`user_id`, `user_related_id`, `relation_id`) VALUES
(2, 3, 1),
(4, 5, 1),
(7, 8, 1),
(9, 10, 1),
(11, 12, 1),
(14, 15, 1),
(14, 16, 1),
(19, 20, 1),
(26, 27, 1),
(30, 31, 1),
(34, 35, 1),
(40, 41, 1),
(45, 46, 1),
(49, 50, 1),
(51, 52, 1),
(60, 61, 1),
(63, 64, 1),
(67, 68, 1),
(71, 72, 1),
(74, 75, 1),
(77, 78, 1),
(81, 82, 1),
(84, 85, 1),
(4, 6, 3),
(21, 22, 3),
(21, 23, 3),
(30, 32, 3),
(47, 48, 3),
(51, 53, 3),
(60, 62, 3),
(63, 65, 3),
(69, 70, 3),
(71, 73, 3),
(77, 79, 3),
(81, 83, 3),
(84, 86, 3),
(84, 87, 3),
(51, 54, 6),
(84, 88, 7);

--
-- Indexes for dumped tables
--

--
-- Indexes for table `activity_type`
--
ALTER TABLE `activity_type`
  ADD PRIMARY KEY (`id`);

--
-- Indexes for table `migration`
--
ALTER TABLE `migration`
  ADD PRIMARY KEY (`version`);

--
-- Indexes for table `profession`
--
ALTER TABLE `profession`
  ADD PRIMARY KEY (`id`),
  ADD KEY `fk_profession_1_idx` (`specialityId`);

--
-- Indexes for table `profile`
--
ALTER TABLE `profile`
  ADD PRIMARY KEY (`user_id`);

--
-- Indexes for table `social_account`
--
ALTER TABLE `social_account`
  ADD PRIMARY KEY (`id`),
  ADD UNIQUE KEY `account_unique` (`provider`,`client_id`),
  ADD UNIQUE KEY `account_unique_code` (`code`),
  ADD KEY `fk_user_account` (`user_id`);

--
-- Indexes for table `token`
--
ALTER TABLE `token`
  ADD UNIQUE KEY `token_unique` (`user_id`,`code`,`type`);

--
-- Indexes for table `user`
--
ALTER TABLE `user`
  ADD PRIMARY KEY (`id`),
  ADD UNIQUE KEY `user_unique_email` (`email`),
  ADD UNIQUE KEY `user_unique_username` (`username`);

--
-- Indexes for table `user_info`
--
ALTER TABLE `user_info`
  ADD PRIMARY KEY (`id`);

--
-- Indexes for table `user_relation`
--
ALTER TABLE `user_relation`
  ADD PRIMARY KEY (`id`);

--
-- Indexes for table `user_to_activity`
--
ALTER TABLE `user_to_activity`
  ADD PRIMARY KEY (`user_id`,`activity_id`),
  ADD KEY `fk_user_to_activity_2_idx` (`activity_id`);

--
-- Indexes for table `user_to_user`
--
ALTER TABLE `user_to_user`
  ADD PRIMARY KEY (`user_id`,`user_related_id`),
  ADD KEY `fk_user_to_user_2_idx` (`user_related_id`),
  ADD KEY `fk_user_to_user_3_idx` (`relation_id`);

--
-- AUTO_INCREMENT for dumped tables
--

--
-- AUTO_INCREMENT for table `activity_type`
--
ALTER TABLE `activity_type`
  MODIFY `id` int(11) NOT NULL AUTO_INCREMENT, AUTO_INCREMENT=19;
--
-- AUTO_INCREMENT for table `profession`
--
ALTER TABLE `profession`
  MODIFY `id` int(11) NOT NULL AUTO_INCREMENT, AUTO_INCREMENT=327;
--
-- AUTO_INCREMENT for table `social_account`
--
ALTER TABLE `social_account`
  MODIFY `id` int(11) NOT NULL AUTO_INCREMENT;
--
-- AUTO_INCREMENT for table `user`
--
ALTER TABLE `user`
  MODIFY `id` int(11) NOT NULL AUTO_INCREMENT;
--
-- AUTO_INCREMENT for table `user_info`
--
ALTER TABLE `user_info`
  MODIFY `id` int(11) NOT NULL AUTO_INCREMENT, AUTO_INCREMENT=90;
--
-- AUTO_INCREMENT for table `user_relation`
--
ALTER TABLE `user_relation`
  MODIFY `id` int(11) NOT NULL AUTO_INCREMENT, AUTO_INCREMENT=13;
--
-- Constraints for dumped tables
--

--
-- Constraints for table `profession`
--
ALTER TABLE `profession`
  ADD CONSTRAINT `fk_profession_1` FOREIGN KEY (`specialityId`) REFERENCES `activity_type` (`id`) ON DELETE NO ACTION ON UPDATE NO ACTION;

--
-- Constraints for table `profile`
--
ALTER TABLE `profile`
  ADD CONSTRAINT `fk_user_profile` FOREIGN KEY (`user_id`) REFERENCES `user` (`id`) ON DELETE CASCADE;

--
-- Constraints for table `social_account`
--
ALTER TABLE `social_account`
  ADD CONSTRAINT `fk_user_account` FOREIGN KEY (`user_id`) REFERENCES `user` (`id`) ON DELETE CASCADE;

--
-- Constraints for table `token`
--
ALTER TABLE `token`
  ADD CONSTRAINT `fk_user_token` FOREIGN KEY (`user_id`) REFERENCES `user` (`id`) ON DELETE CASCADE;

--
-- Constraints for table `user_to_activity`
--
ALTER TABLE `user_to_activity`
  ADD CONSTRAINT `fk_user_to_activity_1` FOREIGN KEY (`user_id`) REFERENCES `user_info` (`id`) ON DELETE NO ACTION ON UPDATE NO ACTION,
  ADD CONSTRAINT `fk_user_to_activity_2` FOREIGN KEY (`activity_id`) REFERENCES `activity_type` (`id`) ON DELETE NO ACTION ON UPDATE NO ACTION;

--
-- Constraints for table `user_to_user`
--
ALTER TABLE `user_to_user`
  ADD CONSTRAINT `fk_user_to_user_1` FOREIGN KEY (`user_id`) REFERENCES `user_info` (`id`) ON DELETE NO ACTION ON UPDATE NO ACTION,
  ADD CONSTRAINT `fk_user_to_user_2` FOREIGN KEY (`user_related_id`) REFERENCES `user_info` (`id`) ON DELETE NO ACTION ON UPDATE NO ACTION,
  ADD CONSTRAINT `fk_user_to_user_3` FOREIGN KEY (`relation_id`) REFERENCES `user_relation` (`id`) ON DELETE NO ACTION ON UPDATE NO ACTION;

/*!40101 SET CHARACTER_SET_CLIENT=@OLD_CHARACTER_SET_CLIENT */;
/*!40101 SET CHARACTER_SET_RESULTS=@OLD_CHARACTER_SET_RESULTS */;
/*!40101 SET COLLATION_CONNECTION=@OLD_COLLATION_CONNECTION */;
